<annotation>
    <folder>JPEGImages</folder>
    <filename>file_225_0_39.02907244438111_-94.57615433877652.jpg</filename>
    <path>C:\Users\Siri\PycharmProjects\Dataset_conversion\Dataset\VOC2007\JPEGImages\file_225_0_39.02907244438111_-94.57615433877652.jpg</path>
    <source>
        <database>Unknown</database>
    </source>
    <size>
        <width>640</width>
        <height>640</height>
        <depth>3</depth>
    </size>
    <segmented>0</segmented>
    <object>
        <name>house</name>
        <pose>Unspecified</pose>
        <truncated>0</truncated>
        <difficult>0</difficult>
        <bndbox>
            <xmin>234.0</xmin>
            <ymin>225.0</ymin>
            <xmax>449.0</xmax>
            <ymax>336.0</ymax>
        </bndbox>
    </object>    <object>
        <name>house</name>
        <pose>Unspecified</pose>
        <truncated>0</truncated>
        <difficult>0</difficult>
        <bndbox>
            <xmin>186.0</xmin>
            <ymin>264.0</ymin>
            <xmax>221.0</xmax>
            <ymax>337.0</ymax>
        </bndbox>
    </object>    <object>
        <name>house</name>
        <pose>Unspecified</pose>
        <truncated>0</truncated>
        <difficult>0</difficult>
        <bndbox>
            <xmin>134.0</xmin>
            <ymin>276.0</ymin>
            <xmax>176.0</xmax>
            <ymax>336.0</ymax>
        </bndbox>
    </object>    <object>
        <name>house</name>
        <pose>Unspecified</pose>
        <truncated>0</truncated>
        <difficult>0</difficult>
        <bndbox>
            <xmin>463.0</xmin>
            <ymin>265.0</ymin>
            <xmax>550.0</xmax>
            <ymax>315.0</ymax>
        </bndbox>
    </object>
</annotation>
