<annotation>
    <folder>JPEGImages</folder>
    <filename>file_180_0_39.0309149007856_-94.57756105781675.jpg</filename>
    <path>C:\Users\Siri\PycharmProjects\Dataset_conversion\Dataset\VOC2007\JPEGImages\file_180_0_39.0309149007856_-94.57756105781675.jpg</path>
    <source>
        <database>Unknown</database>
    </source>
    <size>
        <width>640</width>
        <height>640</height>
        <depth>3</depth>
    </size>
    <segmented>0</segmented>
    <object>
        <name>house</name>
        <pose>Unspecified</pose>
        <truncated>0</truncated>
        <difficult>0</difficult>
        <bndbox>
            <xmin>0.0</xmin>
            <ymin>96.0</ymin>
            <xmax>167.0</xmax>
            <ymax>330.0</ymax>
        </bndbox>
    </object>    <object>
        <name>house</name>
        <pose>Unspecified</pose>
        <truncated>0</truncated>
        <difficult>0</difficult>
        <bndbox>
            <xmin>179.0</xmin>
            <ymin>216.0</ymin>
            <xmax>277.0</xmax>
            <ymax>319.0</ymax>
        </bndbox>
    </object>    <object>
        <name>house</name>
        <pose>Unspecified</pose>
        <truncated>0</truncated>
        <difficult>0</difficult>
        <bndbox>
            <xmin>535.0</xmin>
            <ymin>242.0</ymin>
            <xmax>638.0</xmax>
            <ymax>333.0</ymax>
        </bndbox>
    </object>
</annotation>
