<annotation>
    <folder>JPEGImages</folder>
    <filename>file_180_0_39.02860270640756_-94.57835717996409.jpg</filename>
    <path>C:\Users\Siri\PycharmProjects\Dataset_conversion\Dataset\VOC2007\JPEGImages\file_180_0_39.02860270640756_-94.57835717996409.jpg</path>
    <source>
        <database>Unknown</database>
    </source>
    <size>
        <width>640</width>
        <height>640</height>
        <depth>3</depth>
    </size>
    <segmented>0</segmented>
    <object>
        <name>house</name>
        <pose>Unspecified</pose>
        <truncated>0</truncated>
        <difficult>0</difficult>
        <bndbox>
            <xmin>3.0</xmin>
            <ymin>260.0</ymin>
            <xmax>100.0</xmax>
            <ymax>359.0</ymax>
        </bndbox>
    </object>    <object>
        <name>house</name>
        <pose>Unspecified</pose>
        <truncated>0</truncated>
        <difficult>0</difficult>
        <bndbox>
            <xmin>109.0</xmin>
            <ymin>260.0</ymin>
            <xmax>168.0</xmax>
            <ymax>355.0</ymax>
        </bndbox>
    </object>    <object>
        <name>house</name>
        <pose>Unspecified</pose>
        <truncated>0</truncated>
        <difficult>0</difficult>
        <bndbox>
            <xmin>182.0</xmin>
            <ymin>288.0</ymin>
            <xmax>281.0</xmax>
            <ymax>357.0</ymax>
        </bndbox>
    </object>    <object>
        <name>house</name>
        <pose>Unspecified</pose>
        <truncated>0</truncated>
        <difficult>0</difficult>
        <bndbox>
            <xmin>453.0</xmin>
            <ymin>260.0</ymin>
            <xmax>633.0</xmax>
            <ymax>357.0</ymax>
        </bndbox>
    </object>    <object>
        <name>house</name>
        <pose>Unspecified</pose>
        <truncated>0</truncated>
        <difficult>0</difficult>
        <bndbox>
            <xmin>409.0</xmin>
            <ymin>288.0</ymin>
            <xmax>441.0</xmax>
            <ymax>342.0</ymax>
        </bndbox>
    </object>    <object>
        <name>house</name>
        <pose>Unspecified</pose>
        <truncated>0</truncated>
        <difficult>0</difficult>
        <bndbox>
            <xmin>370.0</xmin>
            <ymin>300.0</ymin>
            <xmax>393.0</xmax>
            <ymax>336.0</ymax>
        </bndbox>
    </object>
</annotation>
