<annotation>
    <folder>JPEGImages</folder>
    <filename>file_180_0_39.02908784267822_-94.57676309559044.jpg</filename>
    <path>C:\Users\Siri\PycharmProjects\Dataset_conversion\Dataset\VOC2007\JPEGImages\file_180_0_39.02908784267822_-94.57676309559044.jpg</path>
    <source>
        <database>Unknown</database>
    </source>
    <size>
        <width>640</width>
        <height>640</height>
        <depth>3</depth>
    </size>
    <segmented>0</segmented>
    <object>
        <name>house</name>
        <pose>Unspecified</pose>
        <truncated>0</truncated>
        <difficult>0</difficult>
        <bndbox>
            <xmin>4.0</xmin>
            <ymin>226.0</ymin>
            <xmax>91.0</xmax>
            <ymax>342.0</ymax>
        </bndbox>
    </object>    <object>
        <name>house</name>
        <pose>Unspecified</pose>
        <truncated>0</truncated>
        <difficult>0</difficult>
        <bndbox>
            <xmin>100.0</xmin>
            <ymin>232.0</ymin>
            <xmax>195.0</xmax>
            <ymax>335.0</ymax>
        </bndbox>
    </object>    <object>
        <name>house</name>
        <pose>Unspecified</pose>
        <truncated>0</truncated>
        <difficult>0</difficult>
        <bndbox>
            <xmin>208.0</xmin>
            <ymin>225.0</ymin>
            <xmax>365.0</xmax>
            <ymax>364.0</ymax>
        </bndbox>
    </object>    <object>
        <name>house</name>
        <pose>Unspecified</pose>
        <truncated>0</truncated>
        <difficult>0</difficult>
        <bndbox>
            <xmin>481.0</xmin>
            <ymin>229.0</ymin>
            <xmax>637.0</xmax>
            <ymax>361.0</ymax>
        </bndbox>
    </object>    <object>
        <name>house</name>
        <pose>Unspecified</pose>
        <truncated>0</truncated>
        <difficult>0</difficult>
        <bndbox>
            <xmin>428.0</xmin>
            <ymin>242.0</ymin>
            <xmax>475.0</xmax>
            <ymax>332.0</ymax>
        </bndbox>
    </object>
</annotation>
