<annotation>
    <folder>JPEGImages</folder>
    <filename>file_225_0_39.02761163045366_-94.57842634721707.jpg</filename>
    <path>C:\Users\Siri\PycharmProjects\Dataset_conversion\Dataset\VOC2007\JPEGImages\file_225_0_39.02761163045366_-94.57842634721707.jpg</path>
    <source>
        <database>Unknown</database>
    </source>
    <size>
        <width>640</width>
        <height>640</height>
        <depth>3</depth>
    </size>
    <segmented>0</segmented>
    <object>
        <name>house</name>
        <pose>Unspecified</pose>
        <truncated>0</truncated>
        <difficult>0</difficult>
        <bndbox>
            <xmin>555.0</xmin>
            <ymin>257.0</ymin>
            <xmax>637.0</xmax>
            <ymax>384.0</ymax>
        </bndbox>
    </object>    <object>
        <name>house</name>
        <pose>Unspecified</pose>
        <truncated>0</truncated>
        <difficult>0</difficult>
        <bndbox>
            <xmin>104.0</xmin>
            <ymin>241.0</ymin>
            <xmax>264.0</xmax>
            <ymax>335.0</ymax>
        </bndbox>
    </object>    <object>
        <name>house</name>
        <pose>Unspecified</pose>
        <truncated>0</truncated>
        <difficult>0</difficult>
        <bndbox>
            <xmin>278.0</xmin>
            <ymin>254.0</ymin>
            <xmax>357.0</xmax>
            <ymax>326.0</ymax>
        </bndbox>
    </object>
</annotation>
