<annotation>
    <folder>JPEGImages</folder>
    <filename>file_225_0_39.03090370934559_-94.57688775071732.jpg</filename>
    <path>C:\Users\Siri\PycharmProjects\Dataset_conversion\Dataset\VOC2007\JPEGImages\file_225_0_39.03090370934559_-94.57688775071732.jpg</path>
    <source>
        <database>Unknown</database>
    </source>
    <size>
        <width>640</width>
        <height>640</height>
        <depth>3</depth>
    </size>
    <segmented>0</segmented>
    <object>
        <name>house</name>
        <pose>Unspecified</pose>
        <truncated>0</truncated>
        <difficult>0</difficult>
        <bndbox>
            <xmin>428.0</xmin>
            <ymin>238.0</ymin>
            <xmax>552.0</xmax>
            <ymax>332.0</ymax>
        </bndbox>
    </object>    <object>
        <name>house</name>
        <pose>Unspecified</pose>
        <truncated>0</truncated>
        <difficult>0</difficult>
        <bndbox>
            <xmin>350.0</xmin>
            <ymin>268.0</ymin>
            <xmax>413.0</xmax>
            <ymax>316.0</ymax>
        </bndbox>
    </object>    <object>
        <name>house</name>
        <pose>Unspecified</pose>
        <truncated>0</truncated>
        <difficult>0</difficult>
        <bndbox>
            <xmin>277.0</xmin>
            <ymin>265.0</ymin>
            <xmax>338.0</xmax>
            <ymax>314.0</ymax>
        </bndbox>
    </object>    <object>
        <name>house</name>
        <pose>Unspecified</pose>
        <truncated>0</truncated>
        <difficult>0</difficult>
        <bndbox>
            <xmin>194.0</xmin>
            <ymin>258.0</ymin>
            <xmax>256.0</xmax>
            <ymax>313.0</ymax>
        </bndbox>
    </object>    <object>
        <name>house</name>
        <pose>Unspecified</pose>
        <truncated>0</truncated>
        <difficult>0</difficult>
        <bndbox>
            <xmin>1.0</xmin>
            <ymin>170.0</ymin>
            <xmax>64.0</xmax>
            <ymax>326.0</ymax>
        </bndbox>
    </object>
</annotation>
