<annotation>
    <folder>JPEGImages</folder>
    <filename>file_225_0_39.03086012922421_-94.5749539407761.jpg</filename>
    <path>C:\Users\Siri\PycharmProjects\Dataset_conversion\Dataset\VOC2007\JPEGImages\file_225_0_39.03086012922421_-94.5749539407761.jpg</path>
    <source>
        <database>Unknown</database>
    </source>
    <size>
        <width>640</width>
        <height>640</height>
        <depth>3</depth>
    </size>
    <segmented>0</segmented>
    <object>
        <name>house</name>
        <pose>Unspecified</pose>
        <truncated>0</truncated>
        <difficult>0</difficult>
        <bndbox>
            <xmin>9.0</xmin>
            <ymin>92.0</ymin>
            <xmax>422.0</xmax>
            <ymax>377.0</ymax>
        </bndbox>
    </object>    <object>
        <name>house</name>
        <pose>Unspecified</pose>
        <truncated>0</truncated>
        <difficult>0</difficult>
        <bndbox>
            <xmin>462.0</xmin>
            <ymin>254.0</ymin>
            <xmax>586.0</xmax>
            <ymax>359.0</ymax>
        </bndbox>
    </object>
</annotation>
