<annotation>
    <folder>JPEGImages</folder>
    <filename>file_270_0_39.028137146032314_-94.57706279928868.jpg</filename>
    <path>C:\Users\Siri\PycharmProjects\Dataset_conversion\Dataset\VOC2007\JPEGImages\file_270_0_39.028137146032314_-94.57706279928868.jpg</path>
    <source>
        <database>Unknown</database>
    </source>
    <size>
        <width>640</width>
        <height>640</height>
        <depth>3</depth>
    </size>
    <segmented>0</segmented>
    <object>
        <name>house</name>
        <pose>Unspecified</pose>
        <truncated>0</truncated>
        <difficult>0</difficult>
        <bndbox>
            <xmin>4.0</xmin>
            <ymin>252.0</ymin>
            <xmax>110.0</xmax>
            <ymax>381.0</ymax>
        </bndbox>
    </object>    <object>
        <name>house</name>
        <pose>Unspecified</pose>
        <truncated>0</truncated>
        <difficult>0</difficult>
        <bndbox>
            <xmin>130.0</xmin>
            <ymin>245.0</ymin>
            <xmax>311.0</xmax>
            <ymax>387.0</ymax>
        </bndbox>
    </object>    <object>
        <name>house</name>
        <pose>Unspecified</pose>
        <truncated>0</truncated>
        <difficult>0</difficult>
        <bndbox>
            <xmin>357.0</xmin>
            <ymin>249.0</ymin>
            <xmax>545.0</xmax>
            <ymax>401.0</ymax>
        </bndbox>
    </object>    <object>
        <name>house</name>
        <pose>Unspecified</pose>
        <truncated>0</truncated>
        <difficult>0</difficult>
        <bndbox>
            <xmin>554.0</xmin>
            <ymin>265.0</ymin>
            <xmax>635.0</xmax>
            <ymax>387.0</ymax>
        </bndbox>
    </object>
</annotation>
