<annotation>
    <folder>JPEGImages</folder>
    <filename>file_180_0_39.028953312683285_-94.57701732754235.jpg</filename>
    <path>C:\Users\Siri\PycharmProjects\Dataset_conversion\Dataset\VOC2007\JPEGImages\file_180_0_39.028953312683285_-94.57701732754235.jpg</path>
    <source>
        <database>Unknown</database>
    </source>
    <size>
        <width>640</width>
        <height>640</height>
        <depth>3</depth>
    </size>
    <segmented>0</segmented>
    <object>
        <name>house</name>
        <pose>Unspecified</pose>
        <truncated>0</truncated>
        <difficult>0</difficult>
        <bndbox>
            <xmin>4.0</xmin>
            <ymin>78.0</ymin>
            <xmax>157.0</xmax>
            <ymax>382.0</ymax>
        </bndbox>
    </object>    <object>
        <name>house</name>
        <pose>Unspecified</pose>
        <truncated>0</truncated>
        <difficult>0</difficult>
        <bndbox>
            <xmin>170.0</xmin>
            <ymin>238.0</ymin>
            <xmax>253.0</xmax>
            <ymax>370.0</ymax>
        </bndbox>
    </object>    <object>
        <name>house</name>
        <pose>Unspecified</pose>
        <truncated>0</truncated>
        <difficult>0</difficult>
        <bndbox>
            <xmin>454.0</xmin>
            <ymin>236.0</ymin>
            <xmax>634.0</xmax>
            <ymax>355.0</ymax>
        </bndbox>
    </object>    <object>
        <name>house</name>
        <pose>Unspecified</pose>
        <truncated>0</truncated>
        <difficult>0</difficult>
        <bndbox>
            <xmin>392.0</xmin>
            <ymin>270.0</ymin>
            <xmax>442.0</xmax>
            <ymax>335.0</ymax>
        </bndbox>
    </object>
</annotation>
