<annotation>
    <folder>JPEGImages</folder>
    <filename>file_225_0_39.03264330532916_-94.57495731731454.jpg</filename>
    <path>C:\Users\Siri\PycharmProjects\Dataset_conversion\Dataset\VOC2007\JPEGImages\file_225_0_39.03264330532916_-94.57495731731454.jpg</path>
    <source>
        <database>Unknown</database>
    </source>
    <size>
        <width>640</width>
        <height>640</height>
        <depth>3</depth>
    </size>
    <segmented>0</segmented>
    <object>
        <name>house</name>
        <pose>Unspecified</pose>
        <truncated>0</truncated>
        <difficult>0</difficult>
        <bndbox>
            <xmin>356.0</xmin>
            <ymin>236.0</ymin>
            <xmax>541.0</xmax>
            <ymax>336.0</ymax>
        </bndbox>
    </object>    <object>
        <name>house</name>
        <pose>Unspecified</pose>
        <truncated>0</truncated>
        <difficult>0</difficult>
        <bndbox>
            <xmin>5.0</xmin>
            <ymin>259.0</ymin>
            <xmax>69.0</xmax>
            <ymax>330.0</ymax>
        </bndbox>
    </object>    <object>
        <name>house</name>
        <pose>Unspecified</pose>
        <truncated>0</truncated>
        <difficult>0</difficult>
        <bndbox>
            <xmin>248.0</xmin>
            <ymin>244.0</ymin>
            <xmax>339.0</xmax>
            <ymax>339.0</ymax>
        </bndbox>
    </object>    <object>
        <name>house</name>
        <pose>Unspecified</pose>
        <truncated>0</truncated>
        <difficult>0</difficult>
        <bndbox>
            <xmin>147.0</xmin>
            <ymin>265.0</ymin>
            <xmax>234.0</xmax>
            <ymax>338.0</ymax>
        </bndbox>
    </object>
</annotation>
