<annotation>
    <folder>JPEGImages</folder>
    <filename>file_225_0_39.027704378037804_-94.57707419131205.jpg</filename>
    <path>C:\Users\Siri\PycharmProjects\Dataset_conversion\Dataset\VOC2007\JPEGImages\file_225_0_39.027704378037804_-94.57707419131205.jpg</path>
    <source>
        <database>Unknown</database>
    </source>
    <size>
        <width>640</width>
        <height>640</height>
        <depth>3</depth>
    </size>
    <segmented>0</segmented>
    <object>
        <name>house</name>
        <pose>Unspecified</pose>
        <truncated>0</truncated>
        <difficult>0</difficult>
        <bndbox>
            <xmin>3.0</xmin>
            <ymin>288.0</ymin>
            <xmax>40.0</xmax>
            <ymax>355.0</ymax>
        </bndbox>
    </object>    <object>
        <name>house</name>
        <pose>Unspecified</pose>
        <truncated>0</truncated>
        <difficult>0</difficult>
        <bndbox>
            <xmin>369.0</xmin>
            <ymin>194.0</ymin>
            <xmax>637.0</xmax>
            <ymax>363.0</ymax>
        </bndbox>
    </object>    <object>
        <name>house</name>
        <pose>Unspecified</pose>
        <truncated>0</truncated>
        <difficult>0</difficult>
        <bndbox>
            <xmin>223.0</xmin>
            <ymin>221.0</ymin>
            <xmax>338.0</xmax>
            <ymax>349.0</ymax>
        </bndbox>
    </object>
</annotation>
