<annotation>
    <folder>JPEGImages</folder>
    <filename>file_225_0_39.030887797468615_-94.57588349355787.jpg</filename>
    <path>C:\Users\Siri\PycharmProjects\Dataset_conversion\Dataset\VOC2007\JPEGImages\file_225_0_39.030887797468615_-94.57588349355787.jpg</path>
    <source>
        <database>Unknown</database>
    </source>
    <size>
        <width>640</width>
        <height>640</height>
        <depth>3</depth>
    </size>
    <segmented>0</segmented>
    <object>
        <name>house</name>
        <pose>Unspecified</pose>
        <truncated>0</truncated>
        <difficult>0</difficult>
        <bndbox>
            <xmin>584.0</xmin>
            <ymin>294.0</ymin>
            <xmax>621.0</xmax>
            <ymax>352.0</ymax>
        </bndbox>
    </object>    <object>
        <name>house</name>
        <pose>Unspecified</pose>
        <truncated>0</truncated>
        <difficult>0</difficult>
        <bndbox>
            <xmin>558.0</xmin>
            <ymin>302.0</ymin>
            <xmax>572.0</xmax>
            <ymax>354.0</ymax>
        </bndbox>
    </object>    <object>
        <name>house</name>
        <pose>Unspecified</pose>
        <truncated>0</truncated>
        <difficult>0</difficult>
        <bndbox>
            <xmin>396.0</xmin>
            <ymin>242.0</ymin>
            <xmax>551.0</xmax>
            <ymax>350.0</ymax>
        </bndbox>
    </object>    <object>
        <name>house</name>
        <pose>Unspecified</pose>
        <truncated>0</truncated>
        <difficult>0</difficult>
        <bndbox>
            <xmin>299.0</xmin>
            <ymin>282.0</ymin>
            <xmax>375.0</xmax>
            <ymax>335.0</ymax>
        </bndbox>
    </object>    <object>
        <name>house</name>
        <pose>Unspecified</pose>
        <truncated>0</truncated>
        <difficult>0</difficult>
        <bndbox>
            <xmin>148.0</xmin>
            <ymin>295.0</ymin>
            <xmax>179.0</xmax>
            <ymax>333.0</ymax>
        </bndbox>
    </object>
</annotation>
