<annotation>
    <folder>JPEGImages</folder>
    <filename>file_270_0_39.02741173010363_-94.57706801451269.jpg</filename>
    <path>C:\Users\Siri\PycharmProjects\Dataset_conversion\Dataset\VOC2007\JPEGImages\file_270_0_39.02741173010363_-94.57706801451269.jpg</path>
    <source>
        <database>Unknown</database>
    </source>
    <size>
        <width>640</width>
        <height>640</height>
        <depth>3</depth>
    </size>
    <segmented>0</segmented>
    <object>
        <name>house</name>
        <pose>Unspecified</pose>
        <truncated>0</truncated>
        <difficult>0</difficult>
        <bndbox>
            <xmin>1.0</xmin>
            <ymin>292.0</ymin>
            <xmax>28.0</xmax>
            <ymax>359.0</ymax>
        </bndbox>
    </object>    <object>
        <name>house</name>
        <pose>Unspecified</pose>
        <truncated>0</truncated>
        <difficult>0</difficult>
        <bndbox>
            <xmin>37.0</xmin>
            <ymin>289.0</ymin>
            <xmax>72.0</xmax>
            <ymax>360.0</ymax>
        </bndbox>
    </object>    <object>
        <name>house</name>
        <pose>Unspecified</pose>
        <truncated>0</truncated>
        <difficult>0</difficult>
        <bndbox>
            <xmin>81.0</xmin>
            <ymin>285.0</ymin>
            <xmax>184.0</xmax>
            <ymax>361.0</ymax>
        </bndbox>
    </object>    <object>
        <name>house</name>
        <pose>Unspecified</pose>
        <truncated>0</truncated>
        <difficult>0</difficult>
        <bndbox>
            <xmin>195.0</xmin>
            <ymin>296.0</ymin>
            <xmax>250.0</xmax>
            <ymax>344.0</ymax>
        </bndbox>
    </object>    <object>
        <name>house</name>
        <pose>Unspecified</pose>
        <truncated>0</truncated>
        <difficult>0</difficult>
        <bndbox>
            <xmin>362.0</xmin>
            <ymin>119.0</ymin>
            <xmax>638.0</xmax>
            <ymax>350.0</ymax>
        </bndbox>
    </object>
</annotation>
