<annotation>
    <folder>JPEGImages</folder>
    <filename>file_225_0_39.03166594182369_-94.57818256355108.jpg</filename>
    <path>C:\Users\Siri\PycharmProjects\Dataset_conversion\Dataset\VOC2007\JPEGImages\file_225_0_39.03166594182369_-94.57818256355108.jpg</path>
    <source>
        <database>Unknown</database>
    </source>
    <size>
        <width>640</width>
        <height>640</height>
        <depth>3</depth>
    </size>
    <segmented>0</segmented>
    <object>
        <name>house</name>
        <pose>Unspecified</pose>
        <truncated>0</truncated>
        <difficult>0</difficult>
        <bndbox>
            <xmin>174.0</xmin>
            <ymin>279.0</ymin>
            <xmax>236.0</xmax>
            <ymax>321.0</ymax>
        </bndbox>
    </object>
</annotation>
