<annotation>
    <folder>JPEGImages</folder>
    <filename>file_180_0_39.02872145991838_-94.578241360648.jpg</filename>
    <path>C:\Users\Siri\PycharmProjects\Dataset_conversion\Dataset\VOC2007\JPEGImages\file_180_0_39.02872145991838_-94.578241360648.jpg</path>
    <source>
        <database>Unknown</database>
    </source>
    <size>
        <width>640</width>
        <height>640</height>
        <depth>3</depth>
    </size>
    <segmented>0</segmented>
    <object>
        <name>house</name>
        <pose>Unspecified</pose>
        <truncated>0</truncated>
        <difficult>0</difficult>
        <bndbox>
            <xmin>1.0</xmin>
            <ymin>263.0</ymin>
            <xmax>99.0</xmax>
            <ymax>347.0</ymax>
        </bndbox>
    </object>    <object>
        <name>house</name>
        <pose>Unspecified</pose>
        <truncated>0</truncated>
        <difficult>0</difficult>
        <bndbox>
            <xmin>133.0</xmin>
            <ymin>271.0</ymin>
            <xmax>202.0</xmax>
            <ymax>347.0</ymax>
        </bndbox>
    </object>    <object>
        <name>house</name>
        <pose>Unspecified</pose>
        <truncated>0</truncated>
        <difficult>0</difficult>
        <bndbox>
            <xmin>217.0</xmin>
            <ymin>294.0</ymin>
            <xmax>268.0</xmax>
            <ymax>348.0</ymax>
        </bndbox>
    </object>    <object>
        <name>house</name>
        <pose>Unspecified</pose>
        <truncated>0</truncated>
        <difficult>0</difficult>
        <bndbox>
            <xmin>279.0</xmin>
            <ymin>301.0</ymin>
            <xmax>312.0</xmax>
            <ymax>339.0</ymax>
        </bndbox>
    </object>    <object>
        <name>house</name>
        <pose>Unspecified</pose>
        <truncated>0</truncated>
        <difficult>0</difficult>
        <bndbox>
            <xmin>396.0</xmin>
            <ymin>291.0</ymin>
            <xmax>448.0</xmax>
            <ymax>348.0</ymax>
        </bndbox>
    </object>
</annotation>
