<annotation>
    <folder>JPEGImages</folder>
    <filename>file_180_0_39.030921812006284_-94.57803170714138.jpg</filename>
    <path>C:\Users\Siri\PycharmProjects\Dataset_conversion\Dataset\VOC2007\JPEGImages\file_180_0_39.030921812006284_-94.57803170714138.jpg</path>
    <source>
        <database>Unknown</database>
    </source>
    <size>
        <width>640</width>
        <height>640</height>
        <depth>3</depth>
    </size>
    <segmented>0</segmented>
    <object>
        <name>house</name>
        <pose>Unspecified</pose>
        <truncated>0</truncated>
        <difficult>0</difficult>
        <bndbox>
            <xmin>5.0</xmin>
            <ymin>138.0</ymin>
            <xmax>273.0</xmax>
            <ymax>371.0</ymax>
        </bndbox>
    </object>    <object>
        <name>house</name>
        <pose>Unspecified</pose>
        <truncated>0</truncated>
        <difficult>0</difficult>
        <bndbox>
            <xmin>281.0</xmin>
            <ymin>257.0</ymin>
            <xmax>318.0</xmax>
            <ymax>325.0</ymax>
        </bndbox>
    </object>    <object>
        <name>house</name>
        <pose>Unspecified</pose>
        <truncated>0</truncated>
        <difficult>0</difficult>
        <bndbox>
            <xmin>506.0</xmin>
            <ymin>279.0</ymin>
            <xmax>621.0</xmax>
            <ymax>345.0</ymax>
        </bndbox>
    </object>
</annotation>
