<annotation>
    <folder>JPEGImages</folder>
    <filename>file_225_0_39.032603002509404_-94.57434267520014.jpg</filename>
    <path>C:\Users\Siri\PycharmProjects\Dataset_conversion\Dataset\VOC2007\JPEGImages\file_225_0_39.032603002509404_-94.57434267520014.jpg</path>
    <source>
        <database>Unknown</database>
    </source>
    <size>
        <width>640</width>
        <height>640</height>
        <depth>3</depth>
    </size>
    <segmented>0</segmented>
    <object>
        <name>house</name>
        <pose>Unspecified</pose>
        <truncated>0</truncated>
        <difficult>0</difficult>
        <bndbox>
            <xmin>501.0</xmin>
            <ymin>263.0</ymin>
            <xmax>607.0</xmax>
            <ymax>329.0</ymax>
        </bndbox>
    </object>    <object>
        <name>house</name>
        <pose>Unspecified</pose>
        <truncated>0</truncated>
        <difficult>0</difficult>
        <bndbox>
            <xmin>416.0</xmin>
            <ymin>272.0</ymin>
            <xmax>495.0</xmax>
            <ymax>319.0</ymax>
        </bndbox>
    </object>
</annotation>
