<annotation>
    <folder>JPEGImages</folder>
    <filename>file_225_0_39.03091693342623_-94.5776916422524.jpg</filename>
    <path>C:\Users\Siri\PycharmProjects\Dataset_conversion\Dataset\VOC2007\JPEGImages\file_225_0_39.03091693342623_-94.5776916422524.jpg</path>
    <source>
        <database>Unknown</database>
    </source>
    <size>
        <width>640</width>
        <height>640</height>
        <depth>3</depth>
    </size>
    <segmented>0</segmented>
    <object>
        <name>house</name>
        <pose>Unspecified</pose>
        <truncated>0</truncated>
        <difficult>0</difficult>
        <bndbox>
            <xmin>265.0</xmin>
            <ymin>205.0</ymin>
            <xmax>471.0</xmax>
            <ymax>326.0</ymax>
        </bndbox>
    </object>    <object>
        <name>house</name>
        <pose>Unspecified</pose>
        <truncated>0</truncated>
        <difficult>0</difficult>
        <bndbox>
            <xmin>183.0</xmin>
            <ymin>231.0</ymin>
            <xmax>258.0</xmax>
            <ymax>309.0</ymax>
        </bndbox>
    </object>
</annotation>
