<annotation>
    <folder>JPEGImages</folder>
    <filename>file_270_0_39.03263737724606_-94.5748525250159.jpg</filename>
    <path>C:\Users\Siri\PycharmProjects\Dataset_conversion\Dataset\VOC2007\JPEGImages\file_270_0_39.03263737724606_-94.5748525250159.jpg</path>
    <source>
        <database>Unknown</database>
    </source>
    <size>
        <width>640</width>
        <height>640</height>
        <depth>3</depth>
    </size>
    <segmented>0</segmented>
    <object>
        <name>house</name>
        <pose>Unspecified</pose>
        <truncated>0</truncated>
        <difficult>0</difficult>
        <bndbox>
            <xmin>0.0</xmin>
            <ymin>243.0</ymin>
            <xmax>123.0</xmax>
            <ymax>338.0</ymax>
        </bndbox>
    </object>    <object>
        <name>house</name>
        <pose>Unspecified</pose>
        <truncated>0</truncated>
        <difficult>0</difficult>
        <bndbox>
            <xmin>134.0</xmin>
            <ymin>261.0</ymin>
            <xmax>269.0</xmax>
            <ymax>334.0</ymax>
        </bndbox>
    </object>    <object>
        <name>house</name>
        <pose>Unspecified</pose>
        <truncated>0</truncated>
        <difficult>0</difficult>
        <bndbox>
            <xmin>371.0</xmin>
            <ymin>274.0</ymin>
            <xmax>427.0</xmax>
            <ymax>336.0</ymax>
        </bndbox>
    </object>
</annotation>
