<annotation>
    <folder>JPEGImages</folder>
    <filename>file_135_0_39.030897283637536_-94.57645680563952.jpg</filename>
    <path>C:\Users\Siri\PycharmProjects\Dataset_conversion\Dataset\VOC2007\JPEGImages\file_135_0_39.030897283637536_-94.57645680563952.jpg</path>
    <source>
        <database>Unknown</database>
    </source>
    <size>
        <width>640</width>
        <height>640</height>
        <depth>3</depth>
    </size>
    <segmented>0</segmented>
    <object>
        <name>house</name>
        <pose>Unspecified</pose>
        <truncated>0</truncated>
        <difficult>0</difficult>
        <bndbox>
            <xmin>182.0</xmin>
            <ymin>137.0</ymin>
            <xmax>443.0</xmax>
            <ymax>354.0</ymax>
        </bndbox>
    </object>    <object>
        <name>house</name>
        <pose>Unspecified</pose>
        <truncated>0</truncated>
        <difficult>0</difficult>
        <bndbox>
            <xmin>461.0</xmin>
            <ymin>237.0</ymin>
            <xmax>554.0</xmax>
            <ymax>310.0</ymax>
        </bndbox>
    </object>    <object>
        <name>house</name>
        <pose>Unspecified</pose>
        <truncated>0</truncated>
        <difficult>0</difficult>
        <bndbox>
            <xmin>572.0</xmin>
            <ymin>226.0</ymin>
            <xmax>624.0</xmax>
            <ymax>277.0</ymax>
        </bndbox>
    </object>    <object>
        <name>house</name>
        <pose>Unspecified</pose>
        <truncated>0</truncated>
        <difficult>0</difficult>
        <bndbox>
            <xmin>108.0</xmin>
            <ymin>270.0</ymin>
            <xmax>158.0</xmax>
            <ymax>314.0</ymax>
        </bndbox>
    </object>
</annotation>
