<annotation>
    <folder>JPEGImages</folder>
    <filename>file_180_0_39.030915307305065_-94.5775862224809.jpg</filename>
    <path>C:\Users\Siri\PycharmProjects\Dataset_conversion\Dataset\VOC2007\JPEGImages\file_180_0_39.030915307305065_-94.5775862224809.jpg</path>
    <source>
        <database>Unknown</database>
    </source>
    <size>
        <width>640</width>
        <height>640</height>
        <depth>3</depth>
    </size>
    <segmented>0</segmented>
    <object>
        <name>house</name>
        <pose>Unspecified</pose>
        <truncated>0</truncated>
        <difficult>0</difficult>
        <bndbox>
            <xmin>2.0</xmin>
            <ymin>98.0</ymin>
            <xmax>154.0</xmax>
            <ymax>322.0</ymax>
        </bndbox>
    </object>    <object>
        <name>house</name>
        <pose>Unspecified</pose>
        <truncated>0</truncated>
        <difficult>0</difficult>
        <bndbox>
            <xmin>165.0</xmin>
            <ymin>201.0</ymin>
            <xmax>291.0</xmax>
            <ymax>323.0</ymax>
        </bndbox>
    </object>    <object>
        <name>house</name>
        <pose>Unspecified</pose>
        <truncated>0</truncated>
        <difficult>0</difficult>
        <bndbox>
            <xmin>534.0</xmin>
            <ymin>232.0</ymin>
            <xmax>636.0</xmax>
            <ymax>332.0</ymax>
        </bndbox>
    </object>
</annotation>
