<annotation>
    <folder>JPEGImages</folder>
    <filename>file_180_0_39.02906327021152_-94.57656791284164.jpg</filename>
    <path>C:\Users\Siri\PycharmProjects\Dataset_conversion\Dataset\VOC2007\JPEGImages\file_180_0_39.02906327021152_-94.57656791284164.jpg</path>
    <source>
        <database>Unknown</database>
    </source>
    <size>
        <width>640</width>
        <height>640</height>
        <depth>3</depth>
    </size>
    <segmented>0</segmented>
    <object>
        <name>house</name>
        <pose>Unspecified</pose>
        <truncated>0</truncated>
        <difficult>0</difficult>
        <bndbox>
            <xmin>3.0</xmin>
            <ymin>193.0</ymin>
            <xmax>119.0</xmax>
            <ymax>388.0</ymax>
        </bndbox>
    </object>    <object>
        <name>house</name>
        <pose>Unspecified</pose>
        <truncated>0</truncated>
        <difficult>0</difficult>
        <bndbox>
            <xmin>129.0</xmin>
            <ymin>240.0</ymin>
            <xmax>256.0</xmax>
            <ymax>345.0</ymax>
        </bndbox>
    </object>    <object>
        <name>house</name>
        <pose>Unspecified</pose>
        <truncated>0</truncated>
        <difficult>0</difficult>
        <bndbox>
            <xmin>267.0</xmin>
            <ymin>278.0</ymin>
            <xmax>300.0</xmax>
            <ymax>310.0</ymax>
        </bndbox>
    </object>    <object>
        <name>house</name>
        <pose>Unspecified</pose>
        <truncated>0</truncated>
        <difficult>0</difficult>
        <bndbox>
            <xmin>511.0</xmin>
            <ymin>242.0</ymin>
            <xmax>639.0</xmax>
            <ymax>354.0</ymax>
        </bndbox>
    </object>    <object>
        <name>house</name>
        <pose>Unspecified</pose>
        <truncated>0</truncated>
        <difficult>0</difficult>
        <bndbox>
            <xmin>372.0</xmin>
            <ymin>231.0</ymin>
            <xmax>502.0</xmax>
            <ymax>351.0</ymax>
        </bndbox>
    </object>
</annotation>
