<annotation>
    <folder>JPEGImages</folder>
    <filename>file_180_0_39.032476994894466_-94.57809966054624.jpg</filename>
    <path>C:\Users\Siri\PycharmProjects\Dataset_conversion\Dataset\VOC2007\JPEGImages\file_180_0_39.032476994894466_-94.57809966054624.jpg</path>
    <source>
        <database>Unknown</database>
    </source>
    <size>
        <width>640</width>
        <height>640</height>
        <depth>3</depth>
    </size>
    <segmented>0</segmented>
    <object>
        <name>house</name>
        <pose>Unspecified</pose>
        <truncated>0</truncated>
        <difficult>0</difficult>
        <bndbox>
            <xmin>6.0</xmin>
            <ymin>213.0</ymin>
            <xmax>169.0</xmax>
            <ymax>320.0</ymax>
        </bndbox>
    </object>    <object>
        <name>house</name>
        <pose>Unspecified</pose>
        <truncated>0</truncated>
        <difficult>0</difficult>
        <bndbox>
            <xmin>524.0</xmin>
            <ymin>244.0</ymin>
            <xmax>640.0</xmax>
            <ymax>338.0</ymax>
        </bndbox>
    </object>
</annotation>
