<annotation>
    <folder>JPEGImages</folder>
    <filename>file_180_0_39.032044437201165_-94.57816168532742.jpg</filename>
    <path>C:\Users\Siri\PycharmProjects\Dataset_conversion\Dataset\VOC2007\JPEGImages\file_180_0_39.032044437201165_-94.57816168532742.jpg</path>
    <source>
        <database>Unknown</database>
    </source>
    <size>
        <width>640</width>
        <height>640</height>
        <depth>3</depth>
    </size>
    <segmented>0</segmented>
    <object>
        <name>house</name>
        <pose>Unspecified</pose>
        <truncated>0</truncated>
        <difficult>0</difficult>
        <bndbox>
            <xmin>3.0</xmin>
            <ymin>207.0</ymin>
            <xmax>68.0</xmax>
            <ymax>301.0</ymax>
        </bndbox>
    </object>    <object>
        <name>house</name>
        <pose>Unspecified</pose>
        <truncated>0</truncated>
        <difficult>0</difficult>
        <bndbox>
            <xmin>550.0</xmin>
            <ymin>239.0</ymin>
            <xmax>636.0</xmax>
            <ymax>322.0</ymax>
        </bndbox>
    </object>    <object>
        <name>house</name>
        <pose>Unspecified</pose>
        <truncated>0</truncated>
        <difficult>0</difficult>
        <bndbox>
            <xmin>457.0</xmin>
            <ymin>257.0</ymin>
            <xmax>507.0</xmax>
            <ymax>311.0</ymax>
        </bndbox>
    </object>
</annotation>
