<annotation>
    <folder>JPEGImages</folder>
    <filename>file_225_0_39.03084111225945_-94.57451446051566.jpg</filename>
    <path>C:\Users\Siri\PycharmProjects\Dataset_conversion\Dataset\VOC2007\JPEGImages\file_225_0_39.03084111225945_-94.57451446051566.jpg</path>
    <source>
        <database>Unknown</database>
    </source>
    <size>
        <width>640</width>
        <height>640</height>
        <depth>3</depth>
    </size>
    <segmented>0</segmented>
    <object>
        <name>house</name>
        <pose>Unspecified</pose>
        <truncated>0</truncated>
        <difficult>0</difficult>
        <bndbox>
            <xmin>489.0</xmin>
            <ymin>251.0</ymin>
            <xmax>588.0</xmax>
            <ymax>321.0</ymax>
        </bndbox>
    </object>    <object>
        <name>house</name>
        <pose>Unspecified</pose>
        <truncated>0</truncated>
        <difficult>0</difficult>
        <bndbox>
            <xmin>1.0</xmin>
            <ymin>27.0</ymin>
            <xmax>307.0</xmax>
            <ymax>350.0</ymax>
        </bndbox>
    </object>    <object>
        <name>house</name>
        <pose>Unspecified</pose>
        <truncated>0</truncated>
        <difficult>0</difficult>
        <bndbox>
            <xmin>328.0</xmin>
            <ymin>272.0</ymin>
            <xmax>376.0</xmax>
            <ymax>336.0</ymax>
        </bndbox>
    </object>    <object>
        <name>house</name>
        <pose>Unspecified</pose>
        <truncated>0</truncated>
        <difficult>0</difficult>
        <bndbox>
            <xmin>424.0</xmin>
            <ymin>273.0</ymin>
            <xmax>470.0</xmax>
            <ymax>332.0</ymax>
        </bndbox>
    </object>
</annotation>
