<annotation>
    <folder>JPEGImages</folder>
    <filename>file_225_0_39.03091368122722_-94.5774855638243.jpg</filename>
    <path>C:\Users\Siri\PycharmProjects\Dataset_conversion\Dataset\VOC2007\JPEGImages\file_225_0_39.03091368122722_-94.5774855638243.jpg</path>
    <source>
        <database>Unknown</database>
    </source>
    <size>
        <width>640</width>
        <height>640</height>
        <depth>3</depth>
    </size>
    <segmented>0</segmented>
    <object>
        <name>house</name>
        <pose>Unspecified</pose>
        <truncated>0</truncated>
        <difficult>0</difficult>
        <bndbox>
            <xmin>255.0</xmin>
            <ymin>228.0</ymin>
            <xmax>341.0</xmax>
            <ymax>326.0</ymax>
        </bndbox>
    </object>    <object>
        <name>house</name>
        <pose>Unspecified</pose>
        <truncated>0</truncated>
        <difficult>0</difficult>
        <bndbox>
            <xmin>361.0</xmin>
            <ymin>240.0</ymin>
            <xmax>496.0</xmax>
            <ymax>335.0</ymax>
        </bndbox>
    </object>
</annotation>
