<annotation>
    <folder>JPEGImages</folder>
    <filename>file_180_0_39.0309203890871_-94.57793252154876.jpg</filename>
    <path>C:\Users\Siri\PycharmProjects\Dataset_conversion\Dataset\VOC2007\JPEGImages\file_180_0_39.0309203890871_-94.57793252154876.jpg</path>
    <source>
        <database>Unknown</database>
    </source>
    <size>
        <width>640</width>
        <height>640</height>
        <depth>3</depth>
    </size>
    <segmented>0</segmented>
    <object>
        <name>house</name>
        <pose>Unspecified</pose>
        <truncated>0</truncated>
        <difficult>0</difficult>
        <bndbox>
            <xmin>1.0</xmin>
            <ymin>257.0</ymin>
            <xmax>60.0</xmax>
            <ymax>316.0</ymax>
        </bndbox>
    </object>    <object>
        <name>house</name>
        <pose>Unspecified</pose>
        <truncated>0</truncated>
        <difficult>0</difficult>
        <bndbox>
            <xmin>72.0</xmin>
            <ymin>154.0</ymin>
            <xmax>432.0</xmax>
            <ymax>390.0</ymax>
        </bndbox>
    </object>    <object>
        <name>house</name>
        <pose>Unspecified</pose>
        <truncated>0</truncated>
        <difficult>0</difficult>
        <bndbox>
            <xmin>541.0</xmin>
            <ymin>285.0</ymin>
            <xmax>636.0</xmax>
            <ymax>342.0</ymax>
        </bndbox>
    </object>
</annotation>
