<annotation>
    <folder>JPEGImages</folder>
    <filename>file_225_0_39.02948896332058_-94.57477265227017.jpg</filename>
    <path>C:\Users\Siri\PycharmProjects\Dataset_conversion\Dataset\VOC2007\JPEGImages\file_225_0_39.02948896332058_-94.57477265227017.jpg</path>
    <source>
        <database>Unknown</database>
    </source>
    <size>
        <width>640</width>
        <height>640</height>
        <depth>3</depth>
    </size>
    <segmented>0</segmented>
    <object>
        <name>house</name>
        <pose>Unspecified</pose>
        <truncated>0</truncated>
        <difficult>0</difficult>
        <bndbox>
            <xmin>437.0</xmin>
            <ymin>246.0</ymin>
            <xmax>596.0</xmax>
            <ymax>339.0</ymax>
        </bndbox>
    </object>    <object>
        <name>house</name>
        <pose>Unspecified</pose>
        <truncated>0</truncated>
        <difficult>0</difficult>
        <bndbox>
            <xmin>611.0</xmin>
            <ymin>244.0</ymin>
            <xmax>638.0</xmax>
            <ymax>337.0</ymax>
        </bndbox>
    </object>    <object>
        <name>house</name>
        <pose>Unspecified</pose>
        <truncated>0</truncated>
        <difficult>0</difficult>
        <bndbox>
            <xmin>269.0</xmin>
            <ymin>262.0</ymin>
            <xmax>339.0</xmax>
            <ymax>335.0</ymax>
        </bndbox>
    </object>    <object>
        <name>house</name>
        <pose>Unspecified</pose>
        <truncated>0</truncated>
        <difficult>0</difficult>
        <bndbox>
            <xmin>352.0</xmin>
            <ymin>264.0</ymin>
            <xmax>427.0</xmax>
            <ymax>332.0</ymax>
        </bndbox>
    </object>    <object>
        <name>house</name>
        <pose>Unspecified</pose>
        <truncated>0</truncated>
        <difficult>0</difficult>
        <bndbox>
            <xmin>163.0</xmin>
            <ymin>271.0</ymin>
            <xmax>258.0</xmax>
            <ymax>329.0</ymax>
        </bndbox>
    </object>
</annotation>
