<annotation>
    <folder>JPEGImages</folder>
    <filename>file_180_0_39.03264330532916_-94.57495731731454.jpg</filename>
    <path>C:\Users\Siri\PycharmProjects\Dataset_conversion\Dataset\VOC2007\JPEGImages\file_180_0_39.03264330532916_-94.57495731731454.jpg</path>
    <source>
        <database>Unknown</database>
    </source>
    <size>
        <width>640</width>
        <height>640</height>
        <depth>3</depth>
    </size>
    <segmented>0</segmented>
    <object>
        <name>house</name>
        <pose>Unspecified</pose>
        <truncated>0</truncated>
        <difficult>0</difficult>
        <bndbox>
            <xmin>519.0</xmin>
            <ymin>230.0</ymin>
            <xmax>638.0</xmax>
            <ymax>343.0</ymax>
        </bndbox>
    </object>    <object>
        <name>house</name>
        <pose>Unspecified</pose>
        <truncated>0</truncated>
        <difficult>0</difficult>
        <bndbox>
            <xmin>419.0</xmin>
            <ymin>260.0</ymin>
            <xmax>511.0</xmax>
            <ymax>341.0</ymax>
        </bndbox>
    </object>    <object>
        <name>house</name>
        <pose>Unspecified</pose>
        <truncated>0</truncated>
        <difficult>0</difficult>
        <bndbox>
            <xmin>318.0</xmin>
            <ymin>269.0</ymin>
            <xmax>404.0</xmax>
            <ymax>323.0</ymax>
        </bndbox>
    </object>
</annotation>
