<annotation>
    <folder>JPEGImages</folder>
    <filename>file_180_0_39.032575944193745_-94.57369317121389.jpg</filename>
    <path>C:\Users\Siri\PycharmProjects\Dataset_conversion\Dataset\VOC2007\JPEGImages\file_180_0_39.032575944193745_-94.57369317121389.jpg</path>
    <source>
        <database>Unknown</database>
    </source>
    <size>
        <width>640</width>
        <height>640</height>
        <depth>3</depth>
    </size>
    <segmented>0</segmented>
    <object>
        <name>house</name>
        <pose>Unspecified</pose>
        <truncated>0</truncated>
        <difficult>0</difficult>
        <bndbox>
            <xmin>3.0</xmin>
            <ymin>242.0</ymin>
            <xmax>109.0</xmax>
            <ymax>332.0</ymax>
        </bndbox>
    </object>    <object>
        <name>house</name>
        <pose>Unspecified</pose>
        <truncated>0</truncated>
        <difficult>0</difficult>
        <bndbox>
            <xmin>121.0</xmin>
            <ymin>260.0</ymin>
            <xmax>196.0</xmax>
            <ymax>318.0</ymax>
        </bndbox>
    </object>    <object>
        <name>house</name>
        <pose>Unspecified</pose>
        <truncated>0</truncated>
        <difficult>0</difficult>
        <bndbox>
            <xmin>210.0</xmin>
            <ymin>275.0</ymin>
            <xmax>240.0</xmax>
            <ymax>318.0</ymax>
        </bndbox>
    </object>
</annotation>
