<annotation>
    <folder>JPEGImages</folder>
    <filename>file_270_0_39.03263977930556_-94.57314376293282.jpg</filename>
    <path>C:\Users\Siri\PycharmProjects\Dataset_conversion\Dataset\VOC2007\JPEGImages\file_270_0_39.03263977930556_-94.57314376293282.jpg</path>
    <source>
        <database>Unknown</database>
    </source>
    <size>
        <width>640</width>
        <height>640</height>
        <depth>3</depth>
    </size>
    <segmented>0</segmented>
    <object>
        <name>house</name>
        <pose>Unspecified</pose>
        <truncated>0</truncated>
        <difficult>0</difficult>
        <bndbox>
            <xmin>281.0</xmin>
            <ymin>307.0</ymin>
            <xmax>304.0</xmax>
            <ymax>330.0</ymax>
        </bndbox>
    </object>    <object>
        <name>house</name>
        <pose>Unspecified</pose>
        <truncated>0</truncated>
        <difficult>0</difficult>
        <bndbox>
            <xmin>177.0</xmin>
            <ymin>300.0</ymin>
            <xmax>253.0</xmax>
            <ymax>327.0</ymax>
        </bndbox>
    </object>
</annotation>
