<annotation>
    <folder>JPEGImages</folder>
    <filename>file_225_0_39.030915307305065_-94.5775862224809.jpg</filename>
    <path>C:\Users\Siri\PycharmProjects\Dataset_conversion\Dataset\VOC2007\JPEGImages\file_225_0_39.030915307305065_-94.5775862224809.jpg</path>
    <source>
        <database>Unknown</database>
    </source>
    <size>
        <width>640</width>
        <height>640</height>
        <depth>3</depth>
    </size>
    <segmented>0</segmented>
    <object>
        <name>house</name>
        <pose>Unspecified</pose>
        <truncated>0</truncated>
        <difficult>0</difficult>
        <bndbox>
            <xmin>258.0</xmin>
            <ymin>239.0</ymin>
            <xmax>357.0</xmax>
            <ymax>332.0</ymax>
        </bndbox>
    </object>    <object>
        <name>house</name>
        <pose>Unspecified</pose>
        <truncated>0</truncated>
        <difficult>0</difficult>
        <bndbox>
            <xmin>376.0</xmin>
            <ymin>234.0</ymin>
            <xmax>513.0</xmax>
            <ymax>340.0</ymax>
        </bndbox>
    </object>
</annotation>
