<annotation>
    <folder>JPEGImages</folder>
    <filename>file_180_0_39.029060106147405_-94.57701521723298.jpg</filename>
    <path>C:\Users\Siri\PycharmProjects\Dataset_conversion\Dataset\VOC2007\JPEGImages\file_180_0_39.029060106147405_-94.57701521723298.jpg</path>
    <source>
        <database>Unknown</database>
    </source>
    <size>
        <width>640</width>
        <height>640</height>
        <depth>3</depth>
    </size>
    <segmented>0</segmented>
    <object>
        <name>house</name>
        <pose>Unspecified</pose>
        <truncated>0</truncated>
        <difficult>0</difficult>
        <bndbox>
            <xmin>2.0</xmin>
            <ymin>203.0</ymin>
            <xmax>110.0</xmax>
            <ymax>380.0</ymax>
        </bndbox>
    </object>    <object>
        <name>house</name>
        <pose>Unspecified</pose>
        <truncated>0</truncated>
        <difficult>0</difficult>
        <bndbox>
            <xmin>117.0</xmin>
            <ymin>225.0</ymin>
            <xmax>223.0</xmax>
            <ymax>368.0</ymax>
        </bndbox>
    </object>    <object>
        <name>house</name>
        <pose>Unspecified</pose>
        <truncated>0</truncated>
        <difficult>0</difficult>
        <bndbox>
            <xmin>552.0</xmin>
            <ymin>255.0</ymin>
            <xmax>635.0</xmax>
            <ymax>372.0</ymax>
        </bndbox>
    </object>    <object>
        <name>house</name>
        <pose>Unspecified</pose>
        <truncated>0</truncated>
        <difficult>0</difficult>
        <bndbox>
            <xmin>399.0</xmin>
            <ymin>298.0</ymin>
            <xmax>464.0</xmax>
            <ymax>354.0</ymax>
        </bndbox>
    </object>    <object>
        <name>house</name>
        <pose>Unspecified</pose>
        <truncated>0</truncated>
        <difficult>0</difficult>
        <bndbox>
            <xmin>477.0</xmin>
            <ymin>307.0</ymin>
            <xmax>504.0</xmax>
            <ymax>361.0</ymax>
        </bndbox>
    </object>
</annotation>
