<annotation>
    <folder>JPEGImages</folder>
    <filename>file_180_0_39.03266174430953_-94.57529405499889.jpg</filename>
    <path>C:\Users\Siri\PycharmProjects\Dataset_conversion\Dataset\VOC2007\JPEGImages\file_180_0_39.03266174430953_-94.57529405499889.jpg</path>
    <source>
        <database>Unknown</database>
    </source>
    <size>
        <width>640</width>
        <height>640</height>
        <depth>3</depth>
    </size>
    <segmented>0</segmented>
    <object>
        <name>house</name>
        <pose>Unspecified</pose>
        <truncated>0</truncated>
        <difficult>0</difficult>
        <bndbox>
            <xmin>341.0</xmin>
            <ymin>126.0</ymin>
            <xmax>636.0</xmax>
            <ymax>335.0</ymax>
        </bndbox>
    </object>    <object>
        <name>house</name>
        <pose>Unspecified</pose>
        <truncated>0</truncated>
        <difficult>0</difficult>
        <bndbox>
            <xmin>285.0</xmin>
            <ymin>254.0</ymin>
            <xmax>328.0</xmax>
            <ymax>320.0</ymax>
        </bndbox>
    </object>    <object>
        <name>house</name>
        <pose>Unspecified</pose>
        <truncated>0</truncated>
        <difficult>0</difficult>
        <bndbox>
            <xmin>228.0</xmin>
            <ymin>282.0</ymin>
            <xmax>272.0</xmax>
            <ymax>329.0</ymax>
        </bndbox>
    </object>
</annotation>
