<annotation>
    <folder>JPEGImages</folder>
    <filename>file_270_0_39.02724586966602_-94.57833256241601.jpg</filename>
    <path>C:\Users\Siri\PycharmProjects\Dataset_conversion\Dataset\VOC2007\JPEGImages\file_270_0_39.02724586966602_-94.57833256241601.jpg</path>
    <source>
        <database>Unknown</database>
    </source>
    <size>
        <width>640</width>
        <height>640</height>
        <depth>3</depth>
    </size>
    <segmented>0</segmented>
    <object>
        <name>house</name>
        <pose>Unspecified</pose>
        <truncated>0</truncated>
        <difficult>0</difficult>
        <bndbox>
            <xmin>0.0</xmin>
            <ymin>238.0</ymin>
            <xmax>55.0</xmax>
            <ymax>339.0</ymax>
        </bndbox>
    </object>    <object>
        <name>house</name>
        <pose>Unspecified</pose>
        <truncated>0</truncated>
        <difficult>0</difficult>
        <bndbox>
            <xmin>59.0</xmin>
            <ymin>217.0</ymin>
            <xmax>214.0</xmax>
            <ymax>343.0</ymax>
        </bndbox>
    </object>    <object>
        <name>house</name>
        <pose>Unspecified</pose>
        <truncated>0</truncated>
        <difficult>0</difficult>
        <bndbox>
            <xmin>482.0</xmin>
            <ymin>282.0</ymin>
            <xmax>562.0</xmax>
            <ymax>338.0</ymax>
        </bndbox>
    </object>
</annotation>
