<annotation>
    <folder>JPEGImages</folder>
    <filename>file_270_0_39.02727111707529_-94.57740808163301.jpg</filename>
    <path>C:\Users\Siri\PycharmProjects\Dataset_conversion\Dataset\VOC2007\JPEGImages\file_270_0_39.02727111707529_-94.57740808163301.jpg</path>
    <source>
        <database>Unknown</database>
    </source>
    <size>
        <width>640</width>
        <height>640</height>
        <depth>3</depth>
    </size>
    <segmented>0</segmented>
    <object>
        <name>house</name>
        <pose>Unspecified</pose>
        <truncated>0</truncated>
        <difficult>0</difficult>
        <bndbox>
            <xmin>1.0</xmin>
            <ymin>201.0</ymin>
            <xmax>125.0</xmax>
            <ymax>377.0</ymax>
        </bndbox>
    </object>    <object>
        <name>house</name>
        <pose>Unspecified</pose>
        <truncated>0</truncated>
        <difficult>0</difficult>
        <bndbox>
            <xmin>134.0</xmin>
            <ymin>245.0</ymin>
            <xmax>277.0</xmax>
            <ymax>343.0</ymax>
        </bndbox>
    </object>    <object>
        <name>house</name>
        <pose>Unspecified</pose>
        <truncated>0</truncated>
        <difficult>0</difficult>
        <bndbox>
            <xmin>552.0</xmin>
            <ymin>233.0</ymin>
            <xmax>636.0</xmax>
            <ymax>334.0</ymax>
        </bndbox>
    </object>    <object>
        <name>house</name>
        <pose>Unspecified</pose>
        <truncated>0</truncated>
        <difficult>0</difficult>
        <bndbox>
            <xmin>470.0</xmin>
            <ymin>237.0</ymin>
            <xmax>545.0</xmax>
            <ymax>340.0</ymax>
        </bndbox>
    </object>    <object>
        <name>house</name>
        <pose>Unspecified</pose>
        <truncated>0</truncated>
        <difficult>0</difficult>
        <bndbox>
            <xmin>381.0</xmin>
            <ymin>252.0</ymin>
            <xmax>459.0</xmax>
            <ymax>345.0</ymax>
        </bndbox>
    </object>
</annotation>
