<annotation>
    <folder>JPEGImages</folder>
    <filename>file_180_0_39.031250099591546_-94.57820921818126.jpg</filename>
    <path>C:\Users\Siri\PycharmProjects\Dataset_conversion\Dataset\VOC2007\JPEGImages\file_180_0_39.031250099591546_-94.57820921818126.jpg</path>
    <source>
        <database>Unknown</database>
    </source>
    <size>
        <width>640</width>
        <height>640</height>
        <depth>3</depth>
    </size>
    <segmented>0</segmented>
    <object>
        <name>house</name>
        <pose>Unspecified</pose>
        <truncated>0</truncated>
        <difficult>0</difficult>
        <bndbox>
            <xmin>5.0</xmin>
            <ymin>254.0</ymin>
            <xmax>58.0</xmax>
            <ymax>323.0</ymax>
        </bndbox>
    </object>    <object>
        <name>house</name>
        <pose>Unspecified</pose>
        <truncated>0</truncated>
        <difficult>0</difficult>
        <bndbox>
            <xmin>94.0</xmin>
            <ymin>256.0</ymin>
            <xmax>236.0</xmax>
            <ymax>335.0</ymax>
        </bndbox>
    </object>    <object>
        <name>house</name>
        <pose>Unspecified</pose>
        <truncated>0</truncated>
        <difficult>0</difficult>
        <bndbox>
            <xmin>242.0</xmin>
            <ymin>271.0</ymin>
            <xmax>292.0</xmax>
            <ymax>322.0</ymax>
        </bndbox>
    </object>    <object>
        <name>house</name>
        <pose>Unspecified</pose>
        <truncated>0</truncated>
        <difficult>0</difficult>
        <bndbox>
            <xmin>471.0</xmin>
            <ymin>262.0</ymin>
            <xmax>565.0</xmax>
            <ymax>330.0</ymax>
        </bndbox>
    </object>
</annotation>
