<annotation>
    <folder>JPEGImages</folder>
    <filename>file_180_0_39.032703791352866_-94.5762327663048.jpg</filename>
    <path>C:\Users\Siri\PycharmProjects\Dataset_conversion\Dataset\VOC2007\JPEGImages\file_180_0_39.032703791352866_-94.5762327663048.jpg</path>
    <source>
        <database>Unknown</database>
    </source>
    <size>
        <width>640</width>
        <height>640</height>
        <depth>3</depth>
    </size>
    <segmented>0</segmented>
    <object>
        <name>house</name>
        <pose>Unspecified</pose>
        <truncated>0</truncated>
        <difficult>0</difficult>
        <bndbox>
            <xmin>3.0</xmin>
            <ymin>277.0</ymin>
            <xmax>77.0</xmax>
            <ymax>335.0</ymax>
        </bndbox>
    </object>    <object>
        <name>house</name>
        <pose>Unspecified</pose>
        <truncated>0</truncated>
        <difficult>0</difficult>
        <bndbox>
            <xmin>85.0</xmin>
            <ymin>285.0</ymin>
            <xmax>150.0</xmax>
            <ymax>329.0</ymax>
        </bndbox>
    </object>
</annotation>
