<annotation>
    <folder>JPEGImages</folder>
    <filename>file_180_0_39.028375526961696_-94.5783749439522.jpg</filename>
    <path>C:\Users\Siri\PycharmProjects\Dataset_conversion\Dataset\VOC2007\JPEGImages\file_180_0_39.028375526961696_-94.5783749439522.jpg</path>
    <source>
        <database>Unknown</database>
    </source>
    <size>
        <width>640</width>
        <height>640</height>
        <depth>3</depth>
    </size>
    <segmented>0</segmented>
    <object>
        <name>house</name>
        <pose>Unspecified</pose>
        <truncated>0</truncated>
        <difficult>0</difficult>
        <bndbox>
            <xmin>60.0</xmin>
            <ymin>252.0</ymin>
            <xmax>186.0</xmax>
            <ymax>351.0</ymax>
        </bndbox>
    </object>    <object>
        <name>house</name>
        <pose>Unspecified</pose>
        <truncated>0</truncated>
        <difficult>0</difficult>
        <bndbox>
            <xmin>194.0</xmin>
            <ymin>291.0</ymin>
            <xmax>255.0</xmax>
            <ymax>342.0</ymax>
        </bndbox>
    </object>    <object>
        <name>house</name>
        <pose>Unspecified</pose>
        <truncated>0</truncated>
        <difficult>0</difficult>
        <bndbox>
            <xmin>516.0</xmin>
            <ymin>259.0</ymin>
            <xmax>635.0</xmax>
            <ymax>351.0</ymax>
        </bndbox>
    </object>    <object>
        <name>house</name>
        <pose>Unspecified</pose>
        <truncated>0</truncated>
        <difficult>0</difficult>
        <bndbox>
            <xmin>420.0</xmin>
            <ymin>273.0</ymin>
            <xmax>503.0</xmax>
            <ymax>341.0</ymax>
        </bndbox>
    </object>    <object>
        <name>house</name>
        <pose>Unspecified</pose>
        <truncated>0</truncated>
        <difficult>0</difficult>
        <bndbox>
            <xmin>365.0</xmin>
            <ymin>291.0</ymin>
            <xmax>403.0</xmax>
            <ymax>337.0</ymax>
        </bndbox>
    </object>    <object>
        <name>house</name>
        <pose>Unspecified</pose>
        <truncated>0</truncated>
        <difficult>0</difficult>
        <bndbox>
            <xmin>274.0</xmin>
            <ymin>291.0</ymin>
            <xmax>313.0</xmax>
            <ymax>334.0</ymax>
        </bndbox>
    </object>
</annotation>
