<annotation>
    <folder>JPEGImages</folder>
    <filename>file_225_0_39.030921812006284_-94.57803170714138.jpg</filename>
    <path>C:\Users\Siri\PycharmProjects\Dataset_conversion\Dataset\VOC2007\JPEGImages\file_225_0_39.030921812006284_-94.57803170714138.jpg</path>
    <source>
        <database>Unknown</database>
    </source>
    <size>
        <width>640</width>
        <height>640</height>
        <depth>3</depth>
    </size>
    <segmented>0</segmented>
    <object>
        <name>house</name>
        <pose>Unspecified</pose>
        <truncated>0</truncated>
        <difficult>0</difficult>
        <bndbox>
            <xmin>353.0</xmin>
            <ymin>262.0</ymin>
            <xmax>427.0</xmax>
            <ymax>312.0</ymax>
        </bndbox>
    </object>    <object>
        <name>house</name>
        <pose>Unspecified</pose>
        <truncated>0</truncated>
        <difficult>0</difficult>
        <bndbox>
            <xmin>260.0</xmin>
            <ymin>286.0</ymin>
            <xmax>299.0</xmax>
            <ymax>315.0</ymax>
        </bndbox>
    </object>
</annotation>
