<annotation>
    <folder>JPEGImages</folder>
    <filename>file_180_0_39.0290931082068_-94.57680492046518.jpg</filename>
    <path>C:\Users\Siri\PycharmProjects\Dataset_conversion\Dataset\VOC2007\JPEGImages\file_180_0_39.0290931082068_-94.57680492046518.jpg</path>
    <source>
        <database>Unknown</database>
    </source>
    <size>
        <width>640</width>
        <height>640</height>
        <depth>3</depth>
    </size>
    <segmented>0</segmented>
    <object>
        <name>house</name>
        <pose>Unspecified</pose>
        <truncated>0</truncated>
        <difficult>0</difficult>
        <bndbox>
            <xmin>1.0</xmin>
            <ymin>222.0</ymin>
            <xmax>232.0</xmax>
            <ymax>346.0</ymax>
        </bndbox>
    </object>    <object>
        <name>house</name>
        <pose>Unspecified</pose>
        <truncated>0</truncated>
        <difficult>0</difficult>
        <bndbox>
            <xmin>249.0</xmin>
            <ymin>221.0</ymin>
            <xmax>481.0</xmax>
            <ymax>373.0</ymax>
        </bndbox>
    </object>    <object>
        <name>house</name>
        <pose>Unspecified</pose>
        <truncated>0</truncated>
        <difficult>0</difficult>
        <bndbox>
            <xmin>581.0</xmin>
            <ymin>272.0</ymin>
            <xmax>639.0</xmax>
            <ymax>347.0</ymax>
        </bndbox>
    </object>
</annotation>
