<annotation>
    <folder>JPEGImages</folder>
    <filename>file_270_0_39.02885838515962_-94.5770192033729.jpg</filename>
    <path>C:\Users\Siri\PycharmProjects\Dataset_conversion\Dataset\VOC2007\JPEGImages\file_270_0_39.02885838515962_-94.5770192033729.jpg</path>
    <source>
        <database>Unknown</database>
    </source>
    <size>
        <width>640</width>
        <height>640</height>
        <depth>3</depth>
    </size>
    <segmented>0</segmented>
    <object>
        <name>house</name>
        <pose>Unspecified</pose>
        <truncated>0</truncated>
        <difficult>0</difficult>
        <bndbox>
            <xmin>2.0</xmin>
            <ymin>268.0</ymin>
            <xmax>97.0</xmax>
            <ymax>364.0</ymax>
        </bndbox>
    </object>    <object>
        <name>house</name>
        <pose>Unspecified</pose>
        <truncated>0</truncated>
        <difficult>0</difficult>
        <bndbox>
            <xmin>267.0</xmin>
            <ymin>244.0</ymin>
            <xmax>546.0</xmax>
            <ymax>363.0</ymax>
        </bndbox>
    </object>    <object>
        <name>house</name>
        <pose>Unspecified</pose>
        <truncated>0</truncated>
        <difficult>0</difficult>
        <bndbox>
            <xmin>110.0</xmin>
            <ymin>289.0</ymin>
            <xmax>180.0</xmax>
            <ymax>354.0</ymax>
        </bndbox>
    </object>
</annotation>
