<annotation>
    <folder>JPEGImages</folder>
    <filename>file_225_0_39.0290485593108_-94.57642991215477.jpg</filename>
    <path>C:\Users\Siri\PycharmProjects\Dataset_conversion\Dataset\VOC2007\JPEGImages\file_225_0_39.0290485593108_-94.57642991215477.jpg</path>
    <source>
        <database>Unknown</database>
    </source>
    <size>
        <width>640</width>
        <height>640</height>
        <depth>3</depth>
    </size>
    <segmented>0</segmented>
    <object>
        <name>house</name>
        <pose>Unspecified</pose>
        <truncated>0</truncated>
        <difficult>0</difficult>
        <bndbox>
            <xmin>2.0</xmin>
            <ymin>232.0</ymin>
            <xmax>95.0</xmax>
            <ymax>375.0</ymax>
        </bndbox>
    </object>    <object>
        <name>house</name>
        <pose>Unspecified</pose>
        <truncated>0</truncated>
        <difficult>0</difficult>
        <bndbox>
            <xmin>442.0</xmin>
            <ymin>259.0</ymin>
            <xmax>512.0</xmax>
            <ymax>332.0</ymax>
        </bndbox>
    </object>    <object>
        <name>house</name>
        <pose>Unspecified</pose>
        <truncated>0</truncated>
        <difficult>0</difficult>
        <bndbox>
            <xmin>177.0</xmin>
            <ymin>256.0</ymin>
            <xmax>223.0</xmax>
            <ymax>331.0</ymax>
        </bndbox>
    </object>    <object>
        <name>house</name>
        <pose>Unspecified</pose>
        <truncated>0</truncated>
        <difficult>0</difficult>
        <bndbox>
            <xmin>234.0</xmin>
            <ymin>252.0</ymin>
            <xmax>312.0</xmax>
            <ymax>337.0</ymax>
        </bndbox>
    </object>    <object>
        <name>house</name>
        <pose>Unspecified</pose>
        <truncated>0</truncated>
        <difficult>0</difficult>
        <bndbox>
            <xmin>350.0</xmin>
            <ymin>255.0</ymin>
            <xmax>428.0</xmax>
            <ymax>346.0</ymax>
        </bndbox>
    </object>
</annotation>
