<annotation>
    <folder>JPEGImages</folder>
    <filename>file_180_0_39.03030297558677_-94.57478293214587.jpg</filename>
    <path>C:\Users\Siri\PycharmProjects\Dataset_conversion\Dataset\VOC2007\JPEGImages\file_180_0_39.03030297558677_-94.57478293214587.jpg</path>
    <source>
        <database>Unknown</database>
    </source>
    <size>
        <width>640</width>
        <height>640</height>
        <depth>3</depth>
    </size>
    <segmented>0</segmented>
    <object>
        <name>house</name>
        <pose>Unspecified</pose>
        <truncated>0</truncated>
        <difficult>0</difficult>
        <bndbox>
            <xmin>3.0</xmin>
            <ymin>267.0</ymin>
            <xmax>60.0</xmax>
            <ymax>353.0</ymax>
        </bndbox>
    </object>    <object>
        <name>house</name>
        <pose>Unspecified</pose>
        <truncated>0</truncated>
        <difficult>0</difficult>
        <bndbox>
            <xmin>69.0</xmin>
            <ymin>257.0</ymin>
            <xmax>145.0</xmax>
            <ymax>369.0</ymax>
        </bndbox>
    </object>    <object>
        <name>house</name>
        <pose>Unspecified</pose>
        <truncated>0</truncated>
        <difficult>0</difficult>
        <bndbox>
            <xmin>155.0</xmin>
            <ymin>272.0</ymin>
            <xmax>188.0</xmax>
            <ymax>351.0</ymax>
        </bndbox>
    </object>    <object>
        <name>house</name>
        <pose>Unspecified</pose>
        <truncated>0</truncated>
        <difficult>0</difficult>
        <bndbox>
            <xmin>198.0</xmin>
            <ymin>291.0</ymin>
            <xmax>235.0</xmax>
            <ymax>334.0</ymax>
        </bndbox>
    </object>    <object>
        <name>house</name>
        <pose>Unspecified</pose>
        <truncated>0</truncated>
        <difficult>0</difficult>
        <bndbox>
            <xmin>244.0</xmin>
            <ymin>292.0</ymin>
            <xmax>290.0</xmax>
            <ymax>325.0</ymax>
        </bndbox>
    </object>    <object>
        <name>house</name>
        <pose>Unspecified</pose>
        <truncated>0</truncated>
        <difficult>0</difficult>
        <bndbox>
            <xmin>522.0</xmin>
            <ymin>261.0</ymin>
            <xmax>632.0</xmax>
            <ymax>330.0</ymax>
        </bndbox>
    </object>    <object>
        <name>house</name>
        <pose>Unspecified</pose>
        <truncated>0</truncated>
        <difficult>0</difficult>
        <bndbox>
            <xmin>475.0</xmin>
            <ymin>285.0</ymin>
            <xmax>514.0</xmax>
            <ymax>326.0</ymax>
        </bndbox>
    </object>    <object>
        <name>house</name>
        <pose>Unspecified</pose>
        <truncated>0</truncated>
        <difficult>0</difficult>
        <bndbox>
            <xmin>420.0</xmin>
            <ymin>291.0</ymin>
            <xmax>451.0</xmax>
            <ymax>328.0</ymax>
        </bndbox>
    </object>    <object>
        <name>house</name>
        <pose>Unspecified</pose>
        <truncated>0</truncated>
        <difficult>0</difficult>
        <bndbox>
            <xmin>375.0</xmin>
            <ymin>297.0</ymin>
            <xmax>398.0</xmax>
            <ymax>323.0</ymax>
        </bndbox>
    </object>
</annotation>
