<annotation>
    <folder>JPEGImages</folder>
    <filename>file_225_0_39.03258943504471_-94.57797133207801.jpg</filename>
    <path>C:\Users\Siri\PycharmProjects\Dataset_conversion\Dataset\VOC2007\JPEGImages\file_225_0_39.03258943504471_-94.57797133207801.jpg</path>
    <source>
        <database>Unknown</database>
    </source>
    <size>
        <width>640</width>
        <height>640</height>
        <depth>3</depth>
    </size>
    <segmented>0</segmented>
    <object>
        <name>house</name>
        <pose>Unspecified</pose>
        <truncated>0</truncated>
        <difficult>0</difficult>
        <bndbox>
            <xmin>404.0</xmin>
            <ymin>267.0</ymin>
            <xmax>489.0</xmax>
            <ymax>324.0</ymax>
        </bndbox>
    </object>    <object>
        <name>house</name>
        <pose>Unspecified</pose>
        <truncated>0</truncated>
        <difficult>0</difficult>
        <bndbox>
            <xmin>194.0</xmin>
            <ymin>267.0</ymin>
            <xmax>363.0</xmax>
            <ymax>337.0</ymax>
        </bndbox>
    </object>
</annotation>
