<annotation>
    <folder>JPEGImages</folder>
    <filename>file_270_0_39.02872823168833_-94.57831484648544.jpg</filename>
    <path>C:\Users\Siri\PycharmProjects\Dataset_conversion\Dataset\VOC2007\JPEGImages\file_270_0_39.02872823168833_-94.57831484648544.jpg</path>
    <source>
        <database>Unknown</database>
    </source>
    <size>
        <width>640</width>
        <height>640</height>
        <depth>3</depth>
    </size>
    <segmented>0</segmented>
    <object>
        <name>house</name>
        <pose>Unspecified</pose>
        <truncated>0</truncated>
        <difficult>0</difficult>
        <bndbox>
            <xmin>1.0</xmin>
            <ymin>261.0</ymin>
            <xmax>145.0</xmax>
            <ymax>364.0</ymax>
        </bndbox>
    </object>    <object>
        <name>house</name>
        <pose>Unspecified</pose>
        <truncated>0</truncated>
        <difficult>0</difficult>
        <bndbox>
            <xmin>166.0</xmin>
            <ymin>229.0</ymin>
            <xmax>331.0</xmax>
            <ymax>346.0</ymax>
        </bndbox>
    </object>    <object>
        <name>house</name>
        <pose>Unspecified</pose>
        <truncated>0</truncated>
        <difficult>0</difficult>
        <bndbox>
            <xmin>357.0</xmin>
            <ymin>242.0</ymin>
            <xmax>478.0</xmax>
            <ymax>350.0</ymax>
        </bndbox>
    </object>    <object>
        <name>house</name>
        <pose>Unspecified</pose>
        <truncated>0</truncated>
        <difficult>0</difficult>
        <bndbox>
            <xmin>489.0</xmin>
            <ymin>264.0</ymin>
            <xmax>552.0</xmax>
            <ymax>339.0</ymax>
        </bndbox>
    </object>    <object>
        <name>house</name>
        <pose>Unspecified</pose>
        <truncated>0</truncated>
        <difficult>0</difficult>
        <bndbox>
            <xmin>559.0</xmin>
            <ymin>228.0</ymin>
            <xmax>637.0</xmax>
            <ymax>324.0</ymax>
        </bndbox>
    </object>
</annotation>
