<annotation>
    <folder>JPEGImages</folder>
    <filename>file_225_0_39.02817133818808_-94.57706009992191.jpg</filename>
    <path>C:\Users\Siri\PycharmProjects\Dataset_conversion\Dataset\VOC2007\JPEGImages\file_225_0_39.02817133818808_-94.57706009992191.jpg</path>
    <source>
        <database>Unknown</database>
    </source>
    <size>
        <width>640</width>
        <height>640</height>
        <depth>3</depth>
    </size>
    <segmented>0</segmented>
    <object>
        <name>house</name>
        <pose>Unspecified</pose>
        <truncated>0</truncated>
        <difficult>0</difficult>
        <bndbox>
            <xmin>609.0</xmin>
            <ymin>231.0</ymin>
            <xmax>637.0</xmax>
            <ymax>394.0</ymax>
        </bndbox>
    </object>    <object>
        <name>house</name>
        <pose>Unspecified</pose>
        <truncated>0</truncated>
        <difficult>0</difficult>
        <bndbox>
            <xmin>328.0</xmin>
            <ymin>251.0</ymin>
            <xmax>562.0</xmax>
            <ymax>386.0</ymax>
        </bndbox>
    </object>    <object>
        <name>house</name>
        <pose>Unspecified</pose>
        <truncated>0</truncated>
        <difficult>0</difficult>
        <bndbox>
            <xmin>226.0</xmin>
            <ymin>261.0</ymin>
            <xmax>320.0</xmax>
            <ymax>373.0</ymax>
        </bndbox>
    </object>    <object>
        <name>house</name>
        <pose>Unspecified</pose>
        <truncated>0</truncated>
        <difficult>0</difficult>
        <bndbox>
            <xmin>189.0</xmin>
            <ymin>268.0</ymin>
            <xmax>220.0</xmax>
            <ymax>371.0</ymax>
        </bndbox>
    </object>    <object>
        <name>house</name>
        <pose>Unspecified</pose>
        <truncated>0</truncated>
        <difficult>0</difficult>
        <bndbox>
            <xmin>113.0</xmin>
            <ymin>289.0</ymin>
            <xmax>180.0</xmax>
            <ymax>354.0</ymax>
        </bndbox>
    </object>
</annotation>
