<annotation>
    <folder>JPEGImages</folder>
    <filename>file_180_0_39.02848024380251_-94.5783668047024.jpg</filename>
    <path>C:\Users\Siri\PycharmProjects\Dataset_conversion\Dataset\VOC2007\JPEGImages\file_180_0_39.02848024380251_-94.5783668047024.jpg</path>
    <source>
        <database>Unknown</database>
    </source>
    <size>
        <width>640</width>
        <height>640</height>
        <depth>3</depth>
    </size>
    <segmented>0</segmented>
    <object>
        <name>house</name>
        <pose>Unspecified</pose>
        <truncated>0</truncated>
        <difficult>0</difficult>
        <bndbox>
            <xmin>3.0</xmin>
            <ymin>271.0</ymin>
            <xmax>112.0</xmax>
            <ymax>348.0</ymax>
        </bndbox>
    </object>    <object>
        <name>house</name>
        <pose>Unspecified</pose>
        <truncated>0</truncated>
        <difficult>0</difficult>
        <bndbox>
            <xmin>141.0</xmin>
            <ymin>270.0</ymin>
            <xmax>230.0</xmax>
            <ymax>344.0</ymax>
        </bndbox>
    </object>    <object>
        <name>house</name>
        <pose>Unspecified</pose>
        <truncated>0</truncated>
        <difficult>0</difficult>
        <bndbox>
            <xmin>237.0</xmin>
            <ymin>303.0</ymin>
            <xmax>268.0</xmax>
            <ymax>337.0</ymax>
        </bndbox>
    </object>    <object>
        <name>house</name>
        <pose>Unspecified</pose>
        <truncated>0</truncated>
        <difficult>0</difficult>
        <bndbox>
            <xmin>562.0</xmin>
            <ymin>246.0</ymin>
            <xmax>636.0</xmax>
            <ymax>347.0</ymax>
        </bndbox>
    </object>    <object>
        <name>house</name>
        <pose>Unspecified</pose>
        <truncated>0</truncated>
        <difficult>0</difficult>
        <bndbox>
            <xmin>489.0</xmin>
            <ymin>269.0</ymin>
            <xmax>552.0</xmax>
            <ymax>342.0</ymax>
        </bndbox>
    </object>    <object>
        <name>house</name>
        <pose>Unspecified</pose>
        <truncated>0</truncated>
        <difficult>0</difficult>
        <bndbox>
            <xmin>455.0</xmin>
            <ymin>281.0</ymin>
            <xmax>476.0</xmax>
            <ymax>339.0</ymax>
        </bndbox>
    </object>    <object>
        <name>house</name>
        <pose>Unspecified</pose>
        <truncated>0</truncated>
        <difficult>0</difficult>
        <bndbox>
            <xmin>419.0</xmin>
            <ymin>288.0</ymin>
            <xmax>442.0</xmax>
            <ymax>333.0</ymax>
        </bndbox>
    </object>    <object>
        <name>house</name>
        <pose>Unspecified</pose>
        <truncated>0</truncated>
        <difficult>0</difficult>
        <bndbox>
            <xmin>276.0</xmin>
            <ymin>304.0</ymin>
            <xmax>300.0</xmax>
            <ymax>339.0</ymax>
        </bndbox>
    </object>
</annotation>
