<annotation>
    <folder>JPEGImages</folder>
    <filename>file_225_0_39.02860270640756_-94.57835717996409.jpg</filename>
    <path>C:\Users\Siri\PycharmProjects\Dataset_conversion\Dataset\VOC2007\JPEGImages\file_225_0_39.02860270640756_-94.57835717996409.jpg</path>
    <source>
        <database>Unknown</database>
    </source>
    <size>
        <width>640</width>
        <height>640</height>
        <depth>3</depth>
    </size>
    <segmented>0</segmented>
    <object>
        <name>house</name>
        <pose>Unspecified</pose>
        <truncated>0</truncated>
        <difficult>0</difficult>
        <bndbox>
            <xmin>550.0</xmin>
            <ymin>213.0</ymin>
            <xmax>638.0</xmax>
            <ymax>349.0</ymax>
        </bndbox>
    </object>    <object>
        <name>house</name>
        <pose>Unspecified</pose>
        <truncated>0</truncated>
        <difficult>0</difficult>
        <bndbox>
            <xmin>364.0</xmin>
            <ymin>248.0</ymin>
            <xmax>504.0</xmax>
            <ymax>364.0</ymax>
        </bndbox>
    </object>    <object>
        <name>house</name>
        <pose>Unspecified</pose>
        <truncated>0</truncated>
        <difficult>0</difficult>
        <bndbox>
            <xmin>187.0</xmin>
            <ymin>291.0</ymin>
            <xmax>234.0</xmax>
            <ymax>356.0</ymax>
        </bndbox>
    </object>    <object>
        <name>house</name>
        <pose>Unspecified</pose>
        <truncated>0</truncated>
        <difficult>0</difficult>
        <bndbox>
            <xmin>247.0</xmin>
            <ymin>257.0</ymin>
            <xmax>344.0</xmax>
            <ymax>363.0</ymax>
        </bndbox>
    </object>    <object>
        <name>house</name>
        <pose>Unspecified</pose>
        <truncated>0</truncated>
        <difficult>0</difficult>
        <bndbox>
            <xmin>145.0</xmin>
            <ymin>300.0</ymin>
            <xmax>173.0</xmax>
            <ymax>352.0</ymax>
        </bndbox>
    </object>
</annotation>
