<annotation>
    <folder>JPEGImages</folder>
    <filename>file_180_0_39.03257354508681_-94.57362922487225.jpg</filename>
    <path>C:\Users\Siri\PycharmProjects\Dataset_conversion\Dataset\VOC2007\JPEGImages\file_180_0_39.03257354508681_-94.57362922487225.jpg</path>
    <source>
        <database>Unknown</database>
    </source>
    <size>
        <width>640</width>
        <height>640</height>
        <depth>3</depth>
    </size>
    <segmented>0</segmented>
    <object>
        <name>house</name>
        <pose>Unspecified</pose>
        <truncated>0</truncated>
        <difficult>0</difficult>
        <bndbox>
            <xmin>7.0</xmin>
            <ymin>219.0</ymin>
            <xmax>171.0</xmax>
            <ymax>341.0</ymax>
        </bndbox>
    </object>    <object>
        <name>house</name>
        <pose>Unspecified</pose>
        <truncated>0</truncated>
        <difficult>0</difficult>
        <bndbox>
            <xmin>181.0</xmin>
            <ymin>267.0</ymin>
            <xmax>252.0</xmax>
            <ymax>339.0</ymax>
        </bndbox>
    </object>    <object>
        <name>house</name>
        <pose>Unspecified</pose>
        <truncated>0</truncated>
        <difficult>0</difficult>
        <bndbox>
            <xmin>265.0</xmin>
            <ymin>286.0</ymin>
            <xmax>303.0</xmax>
            <ymax>335.0</ymax>
        </bndbox>
    </object>    <object>
        <name>house</name>
        <pose>Unspecified</pose>
        <truncated>0</truncated>
        <difficult>0</difficult>
        <bndbox>
            <xmin>400.0</xmin>
            <ymin>294.0</ymin>
            <xmax>492.0</xmax>
            <ymax>336.0</ymax>
        </bndbox>
    </object>
</annotation>
