<annotation>
    <folder>JPEGImages</folder>
    <filename>file_135_0_39.032195835352155_-94.57815333403795.jpg</filename>
    <path>C:\Users\Siri\PycharmProjects\Dataset_conversion\Dataset\VOC2007\JPEGImages\file_135_0_39.032195835352155_-94.57815333403795.jpg</path>
    <source>
        <database>Unknown</database>
    </source>
    <size>
        <width>640</width>
        <height>640</height>
        <depth>3</depth>
    </size>
    <segmented>0</segmented>
    <object>
        <name>house</name>
        <pose>Unspecified</pose>
        <truncated>0</truncated>
        <difficult>0</difficult>
        <bndbox>
            <xmin>4.0</xmin>
            <ymin>182.0</ymin>
            <xmax>168.0</xmax>
            <ymax>298.0</ymax>
        </bndbox>
    </object>    <object>
        <name>house</name>
        <pose>Unspecified</pose>
        <truncated>0</truncated>
        <difficult>0</difficult>
        <bndbox>
            <xmin>222.0</xmin>
            <ymin>226.0</ymin>
            <xmax>386.0</xmax>
            <ymax>302.0</ymax>
        </bndbox>
    </object>
</annotation>
