<annotation>
    <folder>JPEGImages</folder>
    <filename>file_135_0_39.030912868188295_-94.577435234496.jpg</filename>
    <path>C:\Users\Siri\PycharmProjects\Dataset_conversion\Dataset\VOC2007\JPEGImages\file_135_0_39.030912868188295_-94.577435234496.jpg</path>
    <source>
        <database>Unknown</database>
    </source>
    <size>
        <width>640</width>
        <height>640</height>
        <depth>3</depth>
    </size>
    <segmented>0</segmented>
    <object>
        <name>house</name>
        <pose>Unspecified</pose>
        <truncated>0</truncated>
        <difficult>0</difficult>
        <bndbox>
            <xmin>77.0</xmin>
            <ymin>272.0</ymin>
            <xmax>102.0</xmax>
            <ymax>312.0</ymax>
        </bndbox>
    </object>    <object>
        <name>house</name>
        <pose>Unspecified</pose>
        <truncated>0</truncated>
        <difficult>0</difficult>
        <bndbox>
            <xmin>120.0</xmin>
            <ymin>257.0</ymin>
            <xmax>192.0</xmax>
            <ymax>308.0</ymax>
        </bndbox>
    </object>    <object>
        <name>house</name>
        <pose>Unspecified</pose>
        <truncated>0</truncated>
        <difficult>0</difficult>
        <bndbox>
            <xmin>202.0</xmin>
            <ymin>269.0</ymin>
            <xmax>258.0</xmax>
            <ymax>313.0</ymax>
        </bndbox>
    </object>    <object>
        <name>house</name>
        <pose>Unspecified</pose>
        <truncated>0</truncated>
        <difficult>0</difficult>
        <bndbox>
            <xmin>271.0</xmin>
            <ymin>278.0</ymin>
            <xmax>305.0</xmax>
            <ymax>309.0</ymax>
        </bndbox>
    </object>    <object>
        <name>house</name>
        <pose>Unspecified</pose>
        <truncated>0</truncated>
        <difficult>0</difficult>
        <bndbox>
            <xmin>321.0</xmin>
            <ymin>77.0</ymin>
            <xmax>635.0</xmax>
            <ymax>348.0</ymax>
        </bndbox>
    </object>
</annotation>
