<annotation>
    <folder>JPEGImages</folder>
    <filename>file_225_0_39.02727236354191_-94.57768643960333.jpg</filename>
    <path>C:\Users\Siri\PycharmProjects\Dataset_conversion\Dataset\VOC2007\JPEGImages\file_225_0_39.02727236354191_-94.57768643960333.jpg</path>
    <source>
        <database>Unknown</database>
    </source>
    <size>
        <width>640</width>
        <height>640</height>
        <depth>3</depth>
    </size>
    <segmented>0</segmented>
    <object>
        <name>house</name>
        <pose>Unspecified</pose>
        <truncated>0</truncated>
        <difficult>0</difficult>
        <bndbox>
            <xmin>2.0</xmin>
            <ymin>144.0</ymin>
            <xmax>63.0</xmax>
            <ymax>400.0</ymax>
        </bndbox>
    </object>    <object>
        <name>house</name>
        <pose>Unspecified</pose>
        <truncated>0</truncated>
        <difficult>0</difficult>
        <bndbox>
            <xmin>210.0</xmin>
            <ymin>254.0</ymin>
            <xmax>318.0</xmax>
            <ymax>385.0</ymax>
        </bndbox>
    </object>    <object>
        <name>house</name>
        <pose>Unspecified</pose>
        <truncated>0</truncated>
        <difficult>0</difficult>
        <bndbox>
            <xmin>325.0</xmin>
            <ymin>265.0</ymin>
            <xmax>516.0</xmax>
            <ymax>395.0</ymax>
        </bndbox>
    </object>
</annotation>
