<annotation>
    <folder>JPEGImages</folder>
    <filename>file_225_0_39.02867224733354_-94.57835263026772.jpg</filename>
    <path>C:\Users\Siri\PycharmProjects\Dataset_conversion\Dataset\VOC2007\JPEGImages\file_225_0_39.02867224733354_-94.57835263026772.jpg</path>
    <source>
        <database>Unknown</database>
    </source>
    <size>
        <width>640</width>
        <height>640</height>
        <depth>3</depth>
    </size>
    <segmented>0</segmented>
    <object>
        <name>house</name>
        <pose>Unspecified</pose>
        <truncated>0</truncated>
        <difficult>0</difficult>
        <bndbox>
            <xmin>420.0</xmin>
            <ymin>197.0</ymin>
            <xmax>637.0</xmax>
            <ymax>344.0</ymax>
        </bndbox>
    </object>    <object>
        <name>house</name>
        <pose>Unspecified</pose>
        <truncated>0</truncated>
        <difficult>0</difficult>
        <bndbox>
            <xmin>297.0</xmin>
            <ymin>255.0</ymin>
            <xmax>410.0</xmax>
            <ymax>341.0</ymax>
        </bndbox>
    </object>    <object>
        <name>house</name>
        <pose>Unspecified</pose>
        <truncated>0</truncated>
        <difficult>0</difficult>
        <bndbox>
            <xmin>119.0</xmin>
            <ymin>302.0</ymin>
            <xmax>169.0</xmax>
            <ymax>336.0</ymax>
        </bndbox>
    </object>
</annotation>
