<annotation>
    <folder>JPEGImages</folder>
    <filename>file_180_0_39.03091998253876_-94.57790418280801.jpg</filename>
    <path>C:\Users\Siri\PycharmProjects\Dataset_conversion\Dataset\VOC2007\JPEGImages\file_180_0_39.03091998253876_-94.57790418280801.jpg</path>
    <source>
        <database>Unknown</database>
    </source>
    <size>
        <width>640</width>
        <height>640</height>
        <depth>3</depth>
    </size>
    <segmented>0</segmented>
    <object>
        <name>house</name>
        <pose>Unspecified</pose>
        <truncated>0</truncated>
        <difficult>0</difficult>
        <bndbox>
            <xmin>120.0</xmin>
            <ymin>254.0</ymin>
            <xmax>156.0</xmax>
            <ymax>315.0</ymax>
        </bndbox>
    </object>    <object>
        <name>house</name>
        <pose>Unspecified</pose>
        <truncated>0</truncated>
        <difficult>0</difficult>
        <bndbox>
            <xmin>170.0</xmin>
            <ymin>156.0</ymin>
            <xmax>570.0</xmax>
            <ymax>389.0</ymax>
        </bndbox>
    </object>
</annotation>
