<annotation>
    <folder>JPEGImages</folder>
    <filename>file_270_0_39.027704378037804_-94.57707419131205.jpg</filename>
    <path>C:\Users\Siri\PycharmProjects\Dataset_conversion\Dataset\VOC2007\JPEGImages\file_270_0_39.027704378037804_-94.57707419131205.jpg</path>
    <source>
        <database>Unknown</database>
    </source>
    <size>
        <width>640</width>
        <height>640</height>
        <depth>3</depth>
    </size>
    <segmented>0</segmented>
    <object>
        <name>house</name>
        <pose>Unspecified</pose>
        <truncated>0</truncated>
        <difficult>0</difficult>
        <bndbox>
            <xmin>0.0</xmin>
            <ymin>217.0</ymin>
            <xmax>48.0</xmax>
            <ymax>384.0</ymax>
        </bndbox>
    </object>    <object>
        <name>house</name>
        <pose>Unspecified</pose>
        <truncated>0</truncated>
        <difficult>0</difficult>
        <bndbox>
            <xmin>65.0</xmin>
            <ymin>214.0</ymin>
            <xmax>305.0</xmax>
            <ymax>394.0</ymax>
        </bndbox>
    </object>    <object>
        <name>house</name>
        <pose>Unspecified</pose>
        <truncated>0</truncated>
        <difficult>0</difficult>
        <bndbox>
            <xmin>355.0</xmin>
            <ymin>244.0</ymin>
            <xmax>534.0</xmax>
            <ymax>399.0</ymax>
        </bndbox>
    </object>    <object>
        <name>house</name>
        <pose>Unspecified</pose>
        <truncated>0</truncated>
        <difficult>0</difficult>
        <bndbox>
            <xmin>549.0</xmin>
            <ymin>251.0</ymin>
            <xmax>636.0</xmax>
            <ymax>387.0</ymax>
        </bndbox>
    </object>
</annotation>
