<annotation>
    <folder>JPEGImages</folder>
    <filename>file_270_0_39.028085857798665_-94.57706684833884.jpg</filename>
    <path>C:\Users\Siri\PycharmProjects\Dataset_conversion\Dataset\VOC2007\JPEGImages\file_270_0_39.028085857798665_-94.57706684833884.jpg</path>
    <source>
        <database>Unknown</database>
    </source>
    <size>
        <width>640</width>
        <height>640</height>
        <depth>3</depth>
    </size>
    <segmented>0</segmented>
    <object>
        <name>house</name>
        <pose>Unspecified</pose>
        <truncated>0</truncated>
        <difficult>0</difficult>
        <bndbox>
            <xmin>5.0</xmin>
            <ymin>253.0</ymin>
            <xmax>111.0</xmax>
            <ymax>386.0</ymax>
        </bndbox>
    </object>    <object>
        <name>house</name>
        <pose>Unspecified</pose>
        <truncated>0</truncated>
        <difficult>0</difficult>
        <bndbox>
            <xmin>126.0</xmin>
            <ymin>246.0</ymin>
            <xmax>307.0</xmax>
            <ymax>414.0</ymax>
        </bndbox>
    </object>    <object>
        <name>house</name>
        <pose>Unspecified</pose>
        <truncated>0</truncated>
        <difficult>0</difficult>
        <bndbox>
            <xmin>356.0</xmin>
            <ymin>252.0</ymin>
            <xmax>549.0</xmax>
            <ymax>412.0</ymax>
        </bndbox>
    </object>    <object>
        <name>house</name>
        <pose>Unspecified</pose>
        <truncated>0</truncated>
        <difficult>0</difficult>
        <bndbox>
            <xmin>560.0</xmin>
            <ymin>251.0</ymin>
            <xmax>631.0</xmax>
            <ymax>375.0</ymax>
        </bndbox>
    </object>
</annotation>
