<annotation>
    <folder>JPEGImages</folder>
    <filename>file_180_0_39.03089963257495_-94.5766539337565.jpg</filename>
    <path>C:\Users\Siri\PycharmProjects\Dataset_conversion\Dataset\VOC2007\JPEGImages\file_180_0_39.03089963257495_-94.5766539337565.jpg</path>
    <source>
        <database>Unknown</database>
    </source>
    <size>
        <width>640</width>
        <height>640</height>
        <depth>3</depth>
    </size>
    <segmented>0</segmented>
    <object>
        <name>house</name>
        <pose>Unspecified</pose>
        <truncated>0</truncated>
        <difficult>0</difficult>
        <bndbox>
            <xmin>5.0</xmin>
            <ymin>222.0</ymin>
            <xmax>94.0</xmax>
            <ymax>302.0</ymax>
        </bndbox>
    </object>    <object>
        <name>house</name>
        <pose>Unspecified</pose>
        <truncated>0</truncated>
        <difficult>0</difficult>
        <bndbox>
            <xmin>338.0</xmin>
            <ymin>130.0</ymin>
            <xmax>636.0</xmax>
            <ymax>392.0</ymax>
        </bndbox>
    </object>
</annotation>
