<annotation>
    <folder>JPEGImages</folder>
    <filename>file_270_0_39.03257354508681_-94.57362922487225.jpg</filename>
    <path>C:\Users\Siri\PycharmProjects\Dataset_conversion\Dataset\VOC2007\JPEGImages\file_270_0_39.03257354508681_-94.57362922487225.jpg</path>
    <source>
        <database>Unknown</database>
    </source>
    <size>
        <width>640</width>
        <height>640</height>
        <depth>3</depth>
    </size>
    <segmented>0</segmented>
    <object>
        <name>house</name>
        <pose>Unspecified</pose>
        <truncated>0</truncated>
        <difficult>0</difficult>
        <bndbox>
            <xmin>409.0</xmin>
            <ymin>278.0</ymin>
            <xmax>466.0</xmax>
            <ymax>303.0</ymax>
        </bndbox>
    </object>    <object>
        <name>house</name>
        <pose>Unspecified</pose>
        <truncated>0</truncated>
        <difficult>0</difficult>
        <bndbox>
            <xmin>302.0</xmin>
            <ymin>285.0</ymin>
            <xmax>339.0</xmax>
            <ymax>311.0</ymax>
        </bndbox>
    </object>
</annotation>
