<annotation>
    <folder>JPEGImages</folder>
    <filename>file_225_0_39.029065930271024_-94.5762294951524.jpg</filename>
    <path>C:\Users\Siri\PycharmProjects\Dataset_conversion\Dataset\VOC2007\JPEGImages\file_225_0_39.029065930271024_-94.5762294951524.jpg</path>
    <source>
        <database>Unknown</database>
    </source>
    <size>
        <width>640</width>
        <height>640</height>
        <depth>3</depth>
    </size>
    <segmented>0</segmented>
    <object>
        <name>house</name>
        <pose>Unspecified</pose>
        <truncated>0</truncated>
        <difficult>0</difficult>
        <bndbox>
            <xmin>8.0</xmin>
            <ymin>278.0</ymin>
            <xmax>54.0</xmax>
            <ymax>333.0</ymax>
        </bndbox>
    </object>    <object>
        <name>house</name>
        <pose>Unspecified</pose>
        <truncated>0</truncated>
        <difficult>0</difficult>
        <bndbox>
            <xmin>68.0</xmin>
            <ymin>273.0</ymin>
            <xmax>93.0</xmax>
            <ymax>331.0</ymax>
        </bndbox>
    </object>    <object>
        <name>house</name>
        <pose>Unspecified</pose>
        <truncated>0</truncated>
        <difficult>0</difficult>
        <bndbox>
            <xmin>97.0</xmin>
            <ymin>184.0</ymin>
            <xmax>391.0</xmax>
            <ymax>373.0</ymax>
        </bndbox>
    </object>    <object>
        <name>house</name>
        <pose>Unspecified</pose>
        <truncated>0</truncated>
        <difficult>0</difficult>
        <bndbox>
            <xmin>518.0</xmin>
            <ymin>280.0</ymin>
            <xmax>572.0</xmax>
            <ymax>332.0</ymax>
        </bndbox>
    </object>    <object>
        <name>house</name>
        <pose>Unspecified</pose>
        <truncated>0</truncated>
        <difficult>0</difficult>
        <bndbox>
            <xmin>406.0</xmin>
            <ymin>263.0</ymin>
            <xmax>497.0</xmax>
            <ymax>335.0</ymax>
        </bndbox>
    </object>
</annotation>
