<annotation>
    <folder>JPEGImages</folder>
    <filename>file_180_0_39.03166594182369_-94.57818256355108.jpg</filename>
    <path>C:\Users\Siri\PycharmProjects\Dataset_conversion\Dataset\VOC2007\JPEGImages\file_180_0_39.03166594182369_-94.57818256355108.jpg</path>
    <source>
        <database>Unknown</database>
    </source>
    <size>
        <width>640</width>
        <height>640</height>
        <depth>3</depth>
    </size>
    <segmented>0</segmented>
    <object>
        <name>house</name>
        <pose>Unspecified</pose>
        <truncated>0</truncated>
        <difficult>0</difficult>
        <bndbox>
            <xmin>2.0</xmin>
            <ymin>269.0</ymin>
            <xmax>41.0</xmax>
            <ymax>313.0</ymax>
        </bndbox>
    </object>    <object>
        <name>house</name>
        <pose>Unspecified</pose>
        <truncated>0</truncated>
        <difficult>0</difficult>
        <bndbox>
            <xmin>51.0</xmin>
            <ymin>273.0</ymin>
            <xmax>140.0</xmax>
            <ymax>319.0</ymax>
        </bndbox>
    </object>    <object>
        <name>house</name>
        <pose>Unspecified</pose>
        <truncated>0</truncated>
        <difficult>0</difficult>
        <bndbox>
            <xmin>164.0</xmin>
            <ymin>282.0</ymin>
            <xmax>287.0</xmax>
            <ymax>324.0</ymax>
        </bndbox>
    </object>    <object>
        <name>house</name>
        <pose>Unspecified</pose>
        <truncated>0</truncated>
        <difficult>0</difficult>
        <bndbox>
            <xmin>412.0</xmin>
            <ymin>285.0</ymin>
            <xmax>488.0</xmax>
            <ymax>335.0</ymax>
        </bndbox>
    </object>
</annotation>
