<annotation>
    <folder>JPEGImages</folder>
    <filename>file_270_0_39.02888211704054_-94.57701873441526.jpg</filename>
    <path>C:\Users\Siri\PycharmProjects\Dataset_conversion\Dataset\VOC2007\JPEGImages\file_270_0_39.02888211704054_-94.57701873441526.jpg</path>
    <source>
        <database>Unknown</database>
    </source>
    <size>
        <width>640</width>
        <height>640</height>
        <depth>3</depth>
    </size>
    <segmented>0</segmented>
    <object>
        <name>house</name>
        <pose>Unspecified</pose>
        <truncated>0</truncated>
        <difficult>0</difficult>
        <bndbox>
            <xmin>2.0</xmin>
            <ymin>256.0</ymin>
            <xmax>116.0</xmax>
            <ymax>368.0</ymax>
        </bndbox>
    </object>    <object>
        <name>house</name>
        <pose>Unspecified</pose>
        <truncated>0</truncated>
        <difficult>0</difficult>
        <bndbox>
            <xmin>133.0</xmin>
            <ymin>282.0</ymin>
            <xmax>223.0</xmax>
            <ymax>350.0</ymax>
        </bndbox>
    </object>    <object>
        <name>house</name>
        <pose>Unspecified</pose>
        <truncated>0</truncated>
        <difficult>0</difficult>
        <bndbox>
            <xmin>263.0</xmin>
            <ymin>245.0</ymin>
            <xmax>557.0</xmax>
            <ymax>353.0</ymax>
        </bndbox>
    </object>
</annotation>
