<annotation>
    <folder>JPEGImages</folder>
    <filename>file_180_0_39.03091652687789_-94.57766330351166.jpg</filename>
    <path>C:\Users\Siri\PycharmProjects\Dataset_conversion\Dataset\VOC2007\JPEGImages\file_180_0_39.03091652687789_-94.57766330351166.jpg</path>
    <source>
        <database>Unknown</database>
    </source>
    <size>
        <width>640</width>
        <height>640</height>
        <depth>3</depth>
    </size>
    <segmented>0</segmented>
    <object>
        <name>house</name>
        <pose>Unspecified</pose>
        <truncated>0</truncated>
        <difficult>0</difficult>
        <bndbox>
            <xmin>54.0</xmin>
            <ymin>202.0</ymin>
            <xmax>209.0</xmax>
            <ymax>327.0</ymax>
        </bndbox>
    </object>    <object>
        <name>house</name>
        <pose>Unspecified</pose>
        <truncated>0</truncated>
        <difficult>0</difficult>
        <bndbox>
            <xmin>548.0</xmin>
            <ymin>182.0</ymin>
            <xmax>638.0</xmax>
            <ymax>339.0</ymax>
        </bndbox>
    </object>    <object>
        <name>house</name>
        <pose>Unspecified</pose>
        <truncated>0</truncated>
        <difficult>0</difficult>
        <bndbox>
            <xmin>453.0</xmin>
            <ymin>225.0</ymin>
            <xmax>537.0</xmax>
            <ymax>317.0</ymax>
        </bndbox>
    </object>
</annotation>
