<annotation>
    <folder>JPEGImages</folder>
    <filename>file_225_0_39.03096081803875_-94.57822776053268.jpg</filename>
    <path>C:\Users\Siri\PycharmProjects\Dataset_conversion\Dataset\VOC2007\JPEGImages\file_225_0_39.03096081803875_-94.57822776053268.jpg</path>
    <source>
        <database>Unknown</database>
    </source>
    <size>
        <width>640</width>
        <height>640</height>
        <depth>3</depth>
    </size>
    <segmented>0</segmented>
    <object>
        <name>house</name>
        <pose>Unspecified</pose>
        <truncated>0</truncated>
        <difficult>0</difficult>
        <bndbox>
            <xmin>185.0</xmin>
            <ymin>286.0</ymin>
            <xmax>246.0</xmax>
            <ymax>330.0</ymax>
        </bndbox>
    </object>    <object>
        <name>house</name>
        <pose>Unspecified</pose>
        <truncated>0</truncated>
        <difficult>0</difficult>
        <bndbox>
            <xmin>275.0</xmin>
            <ymin>258.0</ymin>
            <xmax>396.0</xmax>
            <ymax>319.0</ymax>
        </bndbox>
    </object>
</annotation>
