<annotation>
    <folder>JPEGImages</folder>
    <filename>file_180_0_39.03264699312523_-94.57502466485141.jpg</filename>
    <path>C:\Users\Siri\PycharmProjects\Dataset_conversion\Dataset\VOC2007\JPEGImages\file_180_0_39.03264699312523_-94.57502466485141.jpg</path>
    <source>
        <database>Unknown</database>
    </source>
    <size>
        <width>640</width>
        <height>640</height>
        <depth>3</depth>
    </size>
    <segmented>0</segmented>
    <object>
        <name>house</name>
        <pose>Unspecified</pose>
        <truncated>0</truncated>
        <difficult>0</difficult>
        <bndbox>
            <xmin>308.0</xmin>
            <ymin>259.0</ymin>
            <xmax>381.0</xmax>
            <ymax>319.0</ymax>
        </bndbox>
    </object>    <object>
        <name>house</name>
        <pose>Unspecified</pose>
        <truncated>0</truncated>
        <difficult>0</difficult>
        <bndbox>
            <xmin>417.0</xmin>
            <ymin>260.0</ymin>
            <xmax>527.0</xmax>
            <ymax>342.0</ymax>
        </bndbox>
    </object>    <object>
        <name>house</name>
        <pose>Unspecified</pose>
        <truncated>0</truncated>
        <difficult>0</difficult>
        <bndbox>
            <xmin>537.0</xmin>
            <ymin>229.0</ymin>
            <xmax>639.0</xmax>
            <ymax>350.0</ymax>
        </bndbox>
    </object>
</annotation>
