<annotation>
    <folder>JPEGImages</folder>
    <filename>file_270_0_39.0309788981358_-94.57822660163572.jpg</filename>
    <path>C:\Users\Siri\PycharmProjects\Dataset_conversion\Dataset\VOC2007\JPEGImages\file_270_0_39.0309788981358_-94.57822660163572.jpg</path>
    <source>
        <database>Unknown</database>
    </source>
    <size>
        <width>640</width>
        <height>640</height>
        <depth>3</depth>
    </size>
    <segmented>0</segmented>
    <object>
        <name>house</name>
        <pose>Unspecified</pose>
        <truncated>0</truncated>
        <difficult>0</difficult>
        <bndbox>
            <xmin>492.0</xmin>
            <ymin>271.0</ymin>
            <xmax>639.0</xmax>
            <ymax>349.0</ymax>
        </bndbox>
    </object>    <object>
        <name>house</name>
        <pose>Unspecified</pose>
        <truncated>0</truncated>
        <difficult>0</difficult>
        <bndbox>
            <xmin>5.0</xmin>
            <ymin>236.0</ymin>
            <xmax>139.0</xmax>
            <ymax>321.0</ymax>
        </bndbox>
    </object>
</annotation>
