<annotation>
    <folder>JPEGImages</folder>
    <filename>file_180_0_39.029119435849694_-94.57701404483889.jpg</filename>
    <path>C:\Users\Siri\PycharmProjects\Dataset_conversion\Dataset\VOC2007\JPEGImages\file_180_0_39.029119435849694_-94.57701404483889.jpg</path>
    <source>
        <database>Unknown</database>
    </source>
    <size>
        <width>640</width>
        <height>640</height>
        <depth>3</depth>
    </size>
    <segmented>0</segmented>
    <object>
        <name>house</name>
        <pose>Unspecified</pose>
        <truncated>0</truncated>
        <difficult>0</difficult>
        <bndbox>
            <xmin>3.0</xmin>
            <ymin>243.0</ymin>
            <xmax>171.0</xmax>
            <ymax>395.0</ymax>
        </bndbox>
    </object>    <object>
        <name>house</name>
        <pose>Unspecified</pose>
        <truncated>0</truncated>
        <difficult>0</difficult>
        <bndbox>
            <xmin>186.0</xmin>
            <ymin>260.0</ymin>
            <xmax>261.0</xmax>
            <ymax>377.0</ymax>
        </bndbox>
    </object>    <object>
        <name>house</name>
        <pose>Unspecified</pose>
        <truncated>0</truncated>
        <difficult>0</difficult>
        <bndbox>
            <xmin>518.0</xmin>
            <ymin>274.0</ymin>
            <xmax>636.0</xmax>
            <ymax>375.0</ymax>
        </bndbox>
    </object>    <object>
        <name>house</name>
        <pose>Unspecified</pose>
        <truncated>0</truncated>
        <difficult>0</difficult>
        <bndbox>
            <xmin>516.0</xmin>
            <ymin>276.0</ymin>
            <xmax>636.0</xmax>
            <ymax>370.0</ymax>
        </bndbox>
    </object>    <object>
        <name>house</name>
        <pose>Unspecified</pose>
        <truncated>0</truncated>
        <difficult>0</difficult>
        <bndbox>
            <xmin>455.0</xmin>
            <ymin>302.0</ymin>
            <xmax>505.0</xmax>
            <ymax>357.0</ymax>
        </bndbox>
    </object>    <object>
        <name>house</name>
        <pose>Unspecified</pose>
        <truncated>0</truncated>
        <difficult>0</difficult>
        <bndbox>
            <xmin>397.0</xmin>
            <ymin>312.0</ymin>
            <xmax>444.0</xmax>
            <ymax>357.0</ymax>
        </bndbox>
    </object>
</annotation>
