<annotation>
    <folder>JPEGImages</folder>
    <filename>file_270_0_39.02898891050466_-94.5770166241059.jpg</filename>
    <path>C:\Users\Siri\PycharmProjects\Dataset_conversion\Dataset\VOC2007\JPEGImages\file_270_0_39.02898891050466_-94.5770166241059.jpg</path>
    <source>
        <database>Unknown</database>
    </source>
    <size>
        <width>640</width>
        <height>640</height>
        <depth>3</depth>
    </size>
    <segmented>0</segmented>
    <object>
        <name>house</name>
        <pose>Unspecified</pose>
        <truncated>0</truncated>
        <difficult>0</difficult>
        <bndbox>
            <xmin>4.0</xmin>
            <ymin>299.0</ymin>
            <xmax>92.0</xmax>
            <ymax>378.0</ymax>
        </bndbox>
    </object>    <object>
        <name>house</name>
        <pose>Unspecified</pose>
        <truncated>0</truncated>
        <difficult>0</difficult>
        <bndbox>
            <xmin>102.0</xmin>
            <ymin>267.0</ymin>
            <xmax>363.0</xmax>
            <ymax>378.0</ymax>
        </bndbox>
    </object>    <object>
        <name>house</name>
        <pose>Unspecified</pose>
        <truncated>0</truncated>
        <difficult>0</difficult>
        <bndbox>
            <xmin>552.0</xmin>
            <ymin>281.0</ymin>
            <xmax>637.0</xmax>
            <ymax>349.0</ymax>
        </bndbox>
    </object>    <object>
        <name>house</name>
        <pose>Unspecified</pose>
        <truncated>0</truncated>
        <difficult>0</difficult>
        <bndbox>
            <xmin>444.0</xmin>
            <ymin>284.0</ymin>
            <xmax>540.0</xmax>
            <ymax>347.0</ymax>
        </bndbox>
    </object>
</annotation>
