<annotation>
    <folder>JPEGImages</folder>
    <filename>file_225_0_39.028719376296856_-94.57821874962109.jpg</filename>
    <path>C:\Users\Siri\PycharmProjects\Dataset_conversion\Dataset\VOC2007\JPEGImages\file_225_0_39.028719376296856_-94.57821874962109.jpg</path>
    <source>
        <database>Unknown</database>
    </source>
    <size>
        <width>640</width>
        <height>640</height>
        <depth>3</depth>
    </size>
    <segmented>0</segmented>
    <object>
        <name>house</name>
        <pose>Unspecified</pose>
        <truncated>0</truncated>
        <difficult>0</difficult>
        <bndbox>
            <xmin>432.0</xmin>
            <ymin>200.0</ymin>
            <xmax>639.0</xmax>
            <ymax>344.0</ymax>
        </bndbox>
    </object>    <object>
        <name>house</name>
        <pose>Unspecified</pose>
        <truncated>0</truncated>
        <difficult>0</difficult>
        <bndbox>
            <xmin>409.0</xmin>
            <ymin>281.0</ymin>
            <xmax>427.0</xmax>
            <ymax>336.0</ymax>
        </bndbox>
    </object>    <object>
        <name>house</name>
        <pose>Unspecified</pose>
        <truncated>0</truncated>
        <difficult>0</difficult>
        <bndbox>
            <xmin>283.0</xmin>
            <ymin>264.0</ymin>
            <xmax>397.0</xmax>
            <ymax>342.0</ymax>
        </bndbox>
    </object>    <object>
        <name>house</name>
        <pose>Unspecified</pose>
        <truncated>0</truncated>
        <difficult>0</difficult>
        <bndbox>
            <xmin>125.0</xmin>
            <ymin>295.0</ymin>
            <xmax>188.0</xmax>
            <ymax>348.0</ymax>
        </bndbox>
    </object>
</annotation>
