<annotation>
    <folder>JPEGImages</folder>
    <filename>file_180_0_39.030905747730905_-94.57700465919773.jpg</filename>
    <path>C:\Users\Siri\PycharmProjects\Dataset_conversion\Dataset\VOC2007\JPEGImages\file_180_0_39.030905747730905_-94.57700465919773.jpg</path>
    <source>
        <database>Unknown</database>
    </source>
    <size>
        <width>640</width>
        <height>640</height>
        <depth>3</depth>
    </size>
    <segmented>0</segmented>
    <object>
        <name>house</name>
        <pose>Unspecified</pose>
        <truncated>0</truncated>
        <difficult>0</difficult>
        <bndbox>
            <xmin>3.0</xmin>
            <ymin>143.0</ymin>
            <xmax>107.0</xmax>
            <ymax>327.0</ymax>
        </bndbox>
    </object>    <object>
        <name>house</name>
        <pose>Unspecified</pose>
        <truncated>0</truncated>
        <difficult>0</difficult>
        <bndbox>
            <xmin>117.0</xmin>
            <ymin>195.0</ymin>
            <xmax>217.0</xmax>
            <ymax>329.0</ymax>
        </bndbox>
    </object>    <object>
        <name>house</name>
        <pose>Unspecified</pose>
        <truncated>0</truncated>
        <difficult>0</difficult>
        <bndbox>
            <xmin>232.0</xmin>
            <ymin>245.0</ymin>
            <xmax>301.0</xmax>
            <ymax>310.0</ymax>
        </bndbox>
    </object>    <object>
        <name>house</name>
        <pose>Unspecified</pose>
        <truncated>0</truncated>
        <difficult>0</difficult>
        <bndbox>
            <xmin>548.0</xmin>
            <ymin>255.0</ymin>
            <xmax>634.0</xmax>
            <ymax>334.0</ymax>
        </bndbox>
    </object>    <object>
        <name>house</name>
        <pose>Unspecified</pose>
        <truncated>0</truncated>
        <difficult>0</difficult>
        <bndbox>
            <xmin>488.0</xmin>
            <ymin>268.0</ymin>
            <xmax>541.0</xmax>
            <ymax>327.0</ymax>
        </bndbox>
    </object>    <object>
        <name>house</name>
        <pose>Unspecified</pose>
        <truncated>0</truncated>
        <difficult>0</difficult>
        <bndbox>
            <xmin>443.0</xmin>
            <ymin>268.0</ymin>
            <xmax>478.0</xmax>
            <ymax>318.0</ymax>
        </bndbox>
    </object>    <object>
        <name>house</name>
        <pose>Unspecified</pose>
        <truncated>0</truncated>
        <difficult>0</difficult>
        <bndbox>
            <xmin>393.0</xmin>
            <ymin>279.0</ymin>
            <xmax>433.0</xmax>
            <ymax>316.0</ymax>
        </bndbox>
    </object>
</annotation>
