<annotation>
    <folder>JPEGImages</folder>
    <filename>file_180_0_39.027269152163015_-94.57776475752001.jpg</filename>
    <path>C:\Users\Siri\PycharmProjects\Dataset_conversion\Dataset\VOC2007\JPEGImages\file_180_0_39.027269152163015_-94.57776475752001.jpg</path>
    <source>
        <database>Unknown</database>
    </source>
    <size>
        <width>640</width>
        <height>640</height>
        <depth>3</depth>
    </size>
    <segmented>0</segmented>
    <object>
        <name>house</name>
        <pose>Unspecified</pose>
        <truncated>0</truncated>
        <difficult>0</difficult>
        <bndbox>
            <xmin>2.0</xmin>
            <ymin>207.0</ymin>
            <xmax>194.0</xmax>
            <ymax>392.0</ymax>
        </bndbox>
    </object>    <object>
        <name>house</name>
        <pose>Unspecified</pose>
        <truncated>0</truncated>
        <difficult>0</difficult>
        <bndbox>
            <xmin>207.0</xmin>
            <ymin>278.0</ymin>
            <xmax>314.0</xmax>
            <ymax>379.0</ymax>
        </bndbox>
    </object>    <object>
        <name>house</name>
        <pose>Unspecified</pose>
        <truncated>0</truncated>
        <difficult>0</difficult>
        <bndbox>
            <xmin>537.0</xmin>
            <ymin>273.0</ymin>
            <xmax>634.0</xmax>
            <ymax>365.0</ymax>
        </bndbox>
    </object>    <object>
        <name>house</name>
        <pose>Unspecified</pose>
        <truncated>0</truncated>
        <difficult>0</difficult>
        <bndbox>
            <xmin>479.0</xmin>
            <ymin>291.0</ymin>
            <xmax>526.0</xmax>
            <ymax>356.0</ymax>
        </bndbox>
    </object>
</annotation>
