<annotation>
    <folder>JPEGImages</folder>
    <filename>file_180_0_39.02724426397657_-94.57837172137435.jpg</filename>
    <path>C:\Users\Siri\PycharmProjects\Dataset_conversion\Dataset\VOC2007\JPEGImages\file_180_0_39.02724426397657_-94.57837172137435.jpg</path>
    <source>
        <database>Unknown</database>
    </source>
    <size>
        <width>640</width>
        <height>640</height>
        <depth>3</depth>
    </size>
    <segmented>0</segmented>
    <object>
        <name>house</name>
        <pose>Unspecified</pose>
        <truncated>0</truncated>
        <difficult>0</difficult>
        <bndbox>
            <xmin>2.0</xmin>
            <ymin>202.0</ymin>
            <xmax>132.0</xmax>
            <ymax>317.0</ymax>
        </bndbox>
    </object>    <object>
        <name>house</name>
        <pose>Unspecified</pose>
        <truncated>0</truncated>
        <difficult>0</difficult>
        <bndbox>
            <xmin>142.0</xmin>
            <ymin>255.0</ymin>
            <xmax>186.0</xmax>
            <ymax>320.0</ymax>
        </bndbox>
    </object>    <object>
        <name>house</name>
        <pose>Unspecified</pose>
        <truncated>0</truncated>
        <difficult>0</difficult>
        <bndbox>
            <xmin>211.0</xmin>
            <ymin>279.0</ymin>
            <xmax>265.0</xmax>
            <ymax>318.0</ymax>
        </bndbox>
    </object>    <object>
        <name>house</name>
        <pose>Unspecified</pose>
        <truncated>0</truncated>
        <difficult>0</difficult>
        <bndbox>
            <xmin>284.0</xmin>
            <ymin>289.0</ymin>
            <xmax>324.0</xmax>
            <ymax>315.0</ymax>
        </bndbox>
    </object>    <object>
        <name>house</name>
        <pose>Unspecified</pose>
        <truncated>0</truncated>
        <difficult>0</difficult>
        <bndbox>
            <xmin>566.0</xmin>
            <ymin>246.0</ymin>
            <xmax>636.0</xmax>
            <ymax>331.0</ymax>
        </bndbox>
    </object>    <object>
        <name>house</name>
        <pose>Unspecified</pose>
        <truncated>0</truncated>
        <difficult>0</difficult>
        <bndbox>
            <xmin>527.0</xmin>
            <ymin>271.0</ymin>
            <xmax>556.0</xmax>
            <ymax>326.0</ymax>
        </bndbox>
    </object>    <object>
        <name>house</name>
        <pose>Unspecified</pose>
        <truncated>0</truncated>
        <difficult>0</difficult>
        <bndbox>
            <xmin>406.0</xmin>
            <ymin>279.0</ymin>
            <xmax>438.0</xmax>
            <ymax>313.0</ymax>
        </bndbox>
    </object>    <object>
        <name>house</name>
        <pose>Unspecified</pose>
        <truncated>0</truncated>
        <difficult>0</difficult>
        <bndbox>
            <xmin>452.0</xmin>
            <ymin>282.0</ymin>
            <xmax>474.0</xmax>
            <ymax>313.0</ymax>
        </bndbox>
    </object>    <object>
        <name>house</name>
        <pose>Unspecified</pose>
        <truncated>0</truncated>
        <difficult>0</difficult>
        <bndbox>
            <xmin>488.0</xmin>
            <ymin>278.0</ymin>
            <xmax>516.0</xmax>
            <ymax>317.0</ymax>
        </bndbox>
    </object>
</annotation>
