<annotation>
    <folder>JPEGImages</folder>
    <filename>file_180_0_39.02907244438111_-94.57615433877652.jpg</filename>
    <path>C:\Users\Siri\PycharmProjects\Dataset_conversion\Dataset\VOC2007\JPEGImages\file_180_0_39.02907244438111_-94.57615433877652.jpg</path>
    <source>
        <database>Unknown</database>
    </source>
    <size>
        <width>640</width>
        <height>640</height>
        <depth>3</depth>
    </size>
    <segmented>0</segmented>
    <object>
        <name>house</name>
        <pose>Unspecified</pose>
        <truncated>0</truncated>
        <difficult>0</difficult>
        <bndbox>
            <xmin>3.0</xmin>
            <ymin>251.0</ymin>
            <xmax>98.0</xmax>
            <ymax>323.0</ymax>
        </bndbox>
    </object>    <object>
        <name>house</name>
        <pose>Unspecified</pose>
        <truncated>0</truncated>
        <difficult>0</difficult>
        <bndbox>
            <xmin>109.0</xmin>
            <ymin>264.0</ymin>
            <xmax>176.0</xmax>
            <ymax>326.0</ymax>
        </bndbox>
    </object>    <object>
        <name>house</name>
        <pose>Unspecified</pose>
        <truncated>0</truncated>
        <difficult>0</difficult>
        <bndbox>
            <xmin>512.0</xmin>
            <ymin>200.0</ymin>
            <xmax>634.0</xmax>
            <ymax>353.0</ymax>
        </bndbox>
    </object>    <object>
        <name>house</name>
        <pose>Unspecified</pose>
        <truncated>0</truncated>
        <difficult>0</difficult>
        <bndbox>
            <xmin>468.0</xmin>
            <ymin>259.0</ymin>
            <xmax>499.0</xmax>
            <ymax>338.0</ymax>
        </bndbox>
    </object>    <object>
        <name>house</name>
        <pose>Unspecified</pose>
        <truncated>0</truncated>
        <difficult>0</difficult>
        <bndbox>
            <xmin>426.0</xmin>
            <ymin>271.0</ymin>
            <xmax>456.0</xmax>
            <ymax>329.0</ymax>
        </bndbox>
    </object>    <object>
        <name>house</name>
        <pose>Unspecified</pose>
        <truncated>0</truncated>
        <difficult>0</difficult>
        <bndbox>
            <xmin>386.0</xmin>
            <ymin>282.0</ymin>
            <xmax>414.0</xmax>
            <ymax>324.0</ymax>
        </bndbox>
    </object>
</annotation>
