<annotation>
    <folder>JPEGImages</folder>
    <filename>file_180_0_39.02728166435511_-94.57706526926853.jpg</filename>
    <path>C:\Users\Siri\PycharmProjects\Dataset_conversion\Dataset\VOC2007\JPEGImages\file_180_0_39.02728166435511_-94.57706526926853.jpg</path>
    <source>
        <database>Unknown</database>
    </source>
    <size>
        <width>640</width>
        <height>640</height>
        <depth>3</depth>
    </size>
    <segmented>0</segmented>
    <object>
        <name>house</name>
        <pose>Unspecified</pose>
        <truncated>0</truncated>
        <difficult>0</difficult>
        <bndbox>
            <xmin>3.0</xmin>
            <ymin>186.0</ymin>
            <xmax>253.0</xmax>
            <ymax>403.0</ymax>
        </bndbox>
    </object>    <object>
        <name>house</name>
        <pose>Unspecified</pose>
        <truncated>0</truncated>
        <difficult>0</difficult>
        <bndbox>
            <xmin>274.0</xmin>
            <ymin>277.0</ymin>
            <xmax>308.0</xmax>
            <ymax>367.0</ymax>
        </bndbox>
    </object>    <object>
        <name>house</name>
        <pose>Unspecified</pose>
        <truncated>0</truncated>
        <difficult>0</difficult>
        <bndbox>
            <xmin>564.0</xmin>
            <ymin>276.0</ymin>
            <xmax>626.0</xmax>
            <ymax>344.0</ymax>
        </bndbox>
    </object>    <object>
        <name>house</name>
        <pose>Unspecified</pose>
        <truncated>0</truncated>
        <difficult>0</difficult>
        <bndbox>
            <xmin>522.0</xmin>
            <ymin>283.0</ymin>
            <xmax>551.0</xmax>
            <ymax>345.0</ymax>
        </bndbox>
    </object>    <object>
        <name>house</name>
        <pose>Unspecified</pose>
        <truncated>0</truncated>
        <difficult>0</difficult>
        <bndbox>
            <xmin>479.0</xmin>
            <ymin>293.0</ymin>
            <xmax>511.0</xmax>
            <ymax>335.0</ymax>
        </bndbox>
    </object>    <object>
        <name>house</name>
        <pose>Unspecified</pose>
        <truncated>0</truncated>
        <difficult>0</difficult>
        <bndbox>
            <xmin>437.0</xmin>
            <ymin>295.0</ymin>
            <xmax>468.0</xmax>
            <ymax>335.0</ymax>
        </bndbox>
    </object>
</annotation>
