<annotation>
    <folder>JPEGImages</folder>
    <filename>file_180_0_39.032195835352155_-94.57815333403795.jpg</filename>
    <path>C:\Users\Siri\PycharmProjects\Dataset_conversion\Dataset\VOC2007\JPEGImages\file_180_0_39.032195835352155_-94.57815333403795.jpg</path>
    <source>
        <database>Unknown</database>
    </source>
    <size>
        <width>640</width>
        <height>640</height>
        <depth>3</depth>
    </size>
    <segmented>0</segmented>
    <object>
        <name>house</name>
        <pose>Unspecified</pose>
        <truncated>0</truncated>
        <difficult>0</difficult>
        <bndbox>
            <xmin>3.0</xmin>
            <ymin>212.0</ymin>
            <xmax>101.0</xmax>
            <ymax>296.0</ymax>
        </bndbox>
    </object>    <object>
        <name>house</name>
        <pose>Unspecified</pose>
        <truncated>0</truncated>
        <difficult>0</difficult>
        <bndbox>
            <xmin>504.0</xmin>
            <ymin>243.0</ymin>
            <xmax>635.0</xmax>
            <ymax>315.0</ymax>
        </bndbox>
    </object>    <object>
        <name>house</name>
        <pose>Unspecified</pose>
        <truncated>0</truncated>
        <difficult>0</difficult>
        <bndbox>
            <xmin>441.0</xmin>
            <ymin>268.0</ymin>
            <xmax>486.0</xmax>
            <ymax>310.0</ymax>
        </bndbox>
    </object>
</annotation>
