<annotation>
    <folder>JPEGImages</folder>
    <filename>file_225_0_39.027893411851366_-94.57840772414637.jpg</filename>
    <path>C:\Users\Siri\PycharmProjects\Dataset_conversion\Dataset\VOC2007\JPEGImages\file_225_0_39.027893411851366_-94.57840772414637.jpg</path>
    <source>
        <database>Unknown</database>
    </source>
    <size>
        <width>640</width>
        <height>640</height>
        <depth>3</depth>
    </size>
    <segmented>0</segmented>
    <object>
        <name>house</name>
        <pose>Unspecified</pose>
        <truncated>0</truncated>
        <difficult>0</difficult>
        <bndbox>
            <xmin>506.0</xmin>
            <ymin>197.0</ymin>
            <xmax>638.0</xmax>
            <ymax>352.0</ymax>
        </bndbox>
    </object>    <object>
        <name>house</name>
        <pose>Unspecified</pose>
        <truncated>0</truncated>
        <difficult>0</difficult>
        <bndbox>
            <xmin>315.0</xmin>
            <ymin>261.0</ymin>
            <xmax>432.0</xmax>
            <ymax>363.0</ymax>
        </bndbox>
    </object>    <object>
        <name>house</name>
        <pose>Unspecified</pose>
        <truncated>0</truncated>
        <difficult>0</difficult>
        <bndbox>
            <xmin>447.0</xmin>
            <ymin>282.0</ymin>
            <xmax>495.0</xmax>
            <ymax>361.0</ymax>
        </bndbox>
    </object>    <object>
        <name>house</name>
        <pose>Unspecified</pose>
        <truncated>0</truncated>
        <difficult>0</difficult>
        <bndbox>
            <xmin>219.0</xmin>
            <ymin>269.0</ymin>
            <xmax>302.0</xmax>
            <ymax>367.0</ymax>
        </bndbox>
    </object>
</annotation>
