<annotation>
    <folder>JPEGImages</folder>
    <filename>file_270_0_39.03259453727247_-94.5741887553616.jpg</filename>
    <path>C:\Users\Siri\PycharmProjects\Dataset_conversion\Dataset\VOC2007\JPEGImages\file_270_0_39.03259453727247_-94.5741887553616.jpg</path>
    <source>
        <database>Unknown</database>
    </source>
    <size>
        <width>640</width>
        <height>640</height>
        <depth>3</depth>
    </size>
    <segmented>0</segmented>
    <object>
        <name>house</name>
        <pose>Unspecified</pose>
        <truncated>0</truncated>
        <difficult>0</difficult>
        <bndbox>
            <xmin>252.0</xmin>
            <ymin>279.0</ymin>
            <xmax>309.0</xmax>
            <ymax>329.0</ymax>
        </bndbox>
    </object>    <object>
        <name>house</name>
        <pose>Unspecified</pose>
        <truncated>0</truncated>
        <difficult>0</difficult>
        <bndbox>
            <xmin>567.0</xmin>
            <ymin>296.0</ymin>
            <xmax>637.0</xmax>
            <ymax>332.0</ymax>
        </bndbox>
    </object>    <object>
        <name>house</name>
        <pose>Unspecified</pose>
        <truncated>0</truncated>
        <difficult>0</difficult>
        <bndbox>
            <xmin>377.0</xmin>
            <ymin>273.0</ymin>
            <xmax>470.0</xmax>
            <ymax>322.0</ymax>
        </bndbox>
    </object>    <object>
        <name>house</name>
        <pose>Unspecified</pose>
        <truncated>0</truncated>
        <difficult>0</difficult>
        <bndbox>
            <xmin>487.0</xmin>
            <ymin>278.0</ymin>
            <xmax>556.0</xmax>
            <ymax>318.0</ymax>
        </bndbox>
    </object>
</annotation>
