<annotation>
    <folder>JPEGImages</folder>
    <filename>file_270_0_39.02754179585215_-94.57707075975685.jpg</filename>
    <path>C:\Users\Siri\PycharmProjects\Dataset_conversion\Dataset\VOC2007\JPEGImages\file_270_0_39.02754179585215_-94.57707075975685.jpg</path>
    <source>
        <database>Unknown</database>
    </source>
    <size>
        <width>640</width>
        <height>640</height>
        <depth>3</depth>
    </size>
    <segmented>0</segmented>
    <object>
        <name>house</name>
        <pose>Unspecified</pose>
        <truncated>0</truncated>
        <difficult>0</difficult>
        <bndbox>
            <xmin>107.0</xmin>
            <ymin>188.0</ymin>
            <xmax>366.0</xmax>
            <ymax>368.0</ymax>
        </bndbox>
    </object>    <object>
        <name>house</name>
        <pose>Unspecified</pose>
        <truncated>0</truncated>
        <difficult>0</difficult>
        <bndbox>
            <xmin>415.0</xmin>
            <ymin>193.0</ymin>
            <xmax>639.0</xmax>
            <ymax>357.0</ymax>
        </bndbox>
    </object>
</annotation>
