<annotation>
    <folder>JPEGImages</folder>
    <filename>file_225_0_39.02844858209672_-94.57836934651878.jpg</filename>
    <path>C:\Users\Siri\PycharmProjects\Dataset_conversion\Dataset\VOC2007\JPEGImages\file_225_0_39.02844858209672_-94.57836934651878.jpg</path>
    <source>
        <database>Unknown</database>
    </source>
    <size>
        <width>640</width>
        <height>640</height>
        <depth>3</depth>
    </size>
    <segmented>0</segmented>
    <object>
        <name>house</name>
        <pose>Unspecified</pose>
        <truncated>0</truncated>
        <difficult>0</difficult>
        <bndbox>
            <xmin>374.0</xmin>
            <ymin>228.0</ymin>
            <xmax>548.0</xmax>
            <ymax>353.0</ymax>
        </bndbox>
    </object>    <object>
        <name>house</name>
        <pose>Unspecified</pose>
        <truncated>0</truncated>
        <difficult>0</difficult>
        <bndbox>
            <xmin>272.0</xmin>
            <ymin>264.0</ymin>
            <xmax>364.0</xmax>
            <ymax>341.0</ymax>
        </bndbox>
    </object>    <object>
        <name>house</name>
        <pose>Unspecified</pose>
        <truncated>0</truncated>
        <difficult>0</difficult>
        <bndbox>
            <xmin>179.0</xmin>
            <ymin>281.0</ymin>
            <xmax>264.0</xmax>
            <ymax>341.0</ymax>
        </bndbox>
    </object>
</annotation>
