<annotation>
    <folder>JPEGImages</folder>
    <filename>file_225_0_39.030623136376676_-94.57476925335844.jpg</filename>
    <path>C:\Users\Siri\PycharmProjects\Dataset_conversion\Dataset\VOC2007\JPEGImages\file_225_0_39.030623136376676_-94.57476925335844.jpg</path>
    <source>
        <database>Unknown</database>
    </source>
    <size>
        <width>640</width>
        <height>640</height>
        <depth>3</depth>
    </size>
    <segmented>0</segmented>
    <object>
        <name>house</name>
        <pose>Unspecified</pose>
        <truncated>0</truncated>
        <difficult>0</difficult>
        <bndbox>
            <xmin>569.0</xmin>
            <ymin>235.0</ymin>
            <xmax>640.0</xmax>
            <ymax>346.0</ymax>
        </bndbox>
    </object>    <object>
        <name>house</name>
        <pose>Unspecified</pose>
        <truncated>0</truncated>
        <difficult>0</difficult>
        <bndbox>
            <xmin>396.0</xmin>
            <ymin>237.0</ymin>
            <xmax>554.0</xmax>
            <ymax>336.0</ymax>
        </bndbox>
    </object>    <object>
        <name>house</name>
        <pose>Unspecified</pose>
        <truncated>0</truncated>
        <difficult>0</difficult>
        <bndbox>
            <xmin>277.0</xmin>
            <ymin>252.0</ymin>
            <xmax>382.0</xmax>
            <ymax>339.0</ymax>
        </bndbox>
    </object>    <object>
        <name>house</name>
        <pose>Unspecified</pose>
        <truncated>0</truncated>
        <difficult>0</difficult>
        <bndbox>
            <xmin>149.0</xmin>
            <ymin>279.0</ymin>
            <xmax>257.0</xmax>
            <ymax>341.0</ymax>
        </bndbox>
    </object>
</annotation>
