<annotation>
    <folder>JPEGImages</folder>
    <filename>file_225_0_39.030897283637536_-94.57645680563952.jpg</filename>
    <path>C:\Users\Siri\PycharmProjects\Dataset_conversion\Dataset\VOC2007\JPEGImages\file_225_0_39.030897283637536_-94.57645680563952.jpg</path>
    <source>
        <database>Unknown</database>
    </source>
    <size>
        <width>640</width>
        <height>640</height>
        <depth>3</depth>
    </size>
    <segmented>0</segmented>
    <object>
        <name>house</name>
        <pose>Unspecified</pose>
        <truncated>0</truncated>
        <difficult>0</difficult>
        <bndbox>
            <xmin>521.0</xmin>
            <ymin>246.0</ymin>
            <xmax>559.0</xmax>
            <ymax>352.0</ymax>
        </bndbox>
    </object>    <object>
        <name>house</name>
        <pose>Unspecified</pose>
        <truncated>0</truncated>
        <difficult>0</difficult>
        <bndbox>
            <xmin>567.0</xmin>
            <ymin>279.0</ymin>
            <xmax>601.0</xmax>
            <ymax>343.0</ymax>
        </bndbox>
    </object>    <object>
        <name>house</name>
        <pose>Unspecified</pose>
        <truncated>0</truncated>
        <difficult>0</difficult>
        <bndbox>
            <xmin>366.0</xmin>
            <ymin>224.0</ymin>
            <xmax>505.0</xmax>
            <ymax>340.0</ymax>
        </bndbox>
    </object>    <object>
        <name>house</name>
        <pose>Unspecified</pose>
        <truncated>0</truncated>
        <difficult>0</difficult>
        <bndbox>
            <xmin>286.0</xmin>
            <ymin>239.0</ymin>
            <xmax>356.0</xmax>
            <ymax>326.0</ymax>
        </bndbox>
    </object>    <object>
        <name>house</name>
        <pose>Unspecified</pose>
        <truncated>0</truncated>
        <difficult>0</difficult>
        <bndbox>
            <xmin>234.0</xmin>
            <ymin>257.0</ymin>
            <xmax>276.0</xmax>
            <ymax>321.0</ymax>
        </bndbox>
    </object>    <object>
        <name>house</name>
        <pose>Unspecified</pose>
        <truncated>0</truncated>
        <difficult>0</difficult>
        <bndbox>
            <xmin>168.0</xmin>
            <ymin>261.0</ymin>
            <xmax>220.0</xmax>
            <ymax>299.0</ymax>
        </bndbox>
    </object>
</annotation>
