<annotation>
    <folder>JPEGImages</folder>
    <filename>file_180_0_39.03269045517023_-94.57583736242137.jpg</filename>
    <path>C:\Users\Siri\PycharmProjects\Dataset_conversion\Dataset\VOC2007\JPEGImages\file_180_0_39.03269045517023_-94.57583736242137.jpg</path>
    <source>
        <database>Unknown</database>
    </source>
    <size>
        <width>640</width>
        <height>640</height>
        <depth>3</depth>
    </size>
    <segmented>0</segmented>
    <object>
        <name>house</name>
        <pose>Unspecified</pose>
        <truncated>0</truncated>
        <difficult>0</difficult>
        <bndbox>
            <xmin>1.0</xmin>
            <ymin>250.0</ymin>
            <xmax>29.0</xmax>
            <ymax>354.0</ymax>
        </bndbox>
    </object>    <object>
        <name>house</name>
        <pose>Unspecified</pose>
        <truncated>0</truncated>
        <difficult>0</difficult>
        <bndbox>
            <xmin>38.0</xmin>
            <ymin>245.0</ymin>
            <xmax>143.0</xmax>
            <ymax>356.0</ymax>
        </bndbox>
    </object>    <object>
        <name>house</name>
        <pose>Unspecified</pose>
        <truncated>0</truncated>
        <difficult>0</difficult>
        <bndbox>
            <xmin>151.0</xmin>
            <ymin>279.0</ymin>
            <xmax>205.0</xmax>
            <ymax>341.0</ymax>
        </bndbox>
    </object>    <object>
        <name>house</name>
        <pose>Unspecified</pose>
        <truncated>0</truncated>
        <difficult>0</difficult>
        <bndbox>
            <xmin>211.0</xmin>
            <ymin>288.0</ymin>
            <xmax>249.0</xmax>
            <ymax>331.0</ymax>
        </bndbox>
    </object>
</annotation>
