<annotation>
    <folder>JPEGImages</folder>
    <filename>file_225_0_39.029101884087765_-94.57687462858975.jpg</filename>
    <path>C:\Users\Siri\PycharmProjects\Dataset_conversion\Dataset\VOC2007\JPEGImages\file_225_0_39.029101884087765_-94.57687462858975.jpg</path>
    <source>
        <database>Unknown</database>
    </source>
    <size>
        <width>640</width>
        <height>640</height>
        <depth>3</depth>
    </size>
    <segmented>0</segmented>
    <object>
        <name>house</name>
        <pose>Unspecified</pose>
        <truncated>0</truncated>
        <difficult>0</difficult>
        <bndbox>
            <xmin>0.0</xmin>
            <ymin>205.0</ymin>
            <xmax>209.0</xmax>
            <ymax>386.0</ymax>
        </bndbox>
    </object>    <object>
        <name>house</name>
        <pose>Unspecified</pose>
        <truncated>0</truncated>
        <difficult>0</difficult>
        <bndbox>
            <xmin>328.0</xmin>
            <ymin>259.0</ymin>
            <xmax>491.0</xmax>
            <ymax>357.0</ymax>
        </bndbox>
    </object>    <object>
        <name>house</name>
        <pose>Unspecified</pose>
        <truncated>0</truncated>
        <difficult>0</difficult>
        <bndbox>
            <xmin>503.0</xmin>
            <ymin>257.0</ymin>
            <xmax>592.0</xmax>
            <ymax>330.0</ymax>
        </bndbox>
    </object>
</annotation>
