<annotation>
    <folder>JPEGImages</folder>
    <filename>file_270_0_39.027783830196704_-94.57841496645165.jpg</filename>
    <path>C:\Users\Siri\PycharmProjects\Dataset_conversion\Dataset\VOC2007\JPEGImages\file_270_0_39.027783830196704_-94.57841496645165.jpg</path>
    <source>
        <database>Unknown</database>
    </source>
    <size>
        <width>640</width>
        <height>640</height>
        <depth>3</depth>
    </size>
    <segmented>0</segmented>
    <object>
        <name>house</name>
        <pose>Unspecified</pose>
        <truncated>0</truncated>
        <difficult>0</difficult>
        <bndbox>
            <xmin>7.0</xmin>
            <ymin>276.0</ymin>
            <xmax>109.0</xmax>
            <ymax>346.0</ymax>
        </bndbox>
    </object>    <object>
        <name>house</name>
        <pose>Unspecified</pose>
        <truncated>0</truncated>
        <difficult>0</difficult>
        <bndbox>
            <xmin>138.0</xmin>
            <ymin>259.0</ymin>
            <xmax>315.0</xmax>
            <ymax>371.0</ymax>
        </bndbox>
    </object>    <object>
        <name>house</name>
        <pose>Unspecified</pose>
        <truncated>0</truncated>
        <difficult>0</difficult>
        <bndbox>
            <xmin>328.0</xmin>
            <ymin>279.0</ymin>
            <xmax>405.0</xmax>
            <ymax>355.0</ymax>
        </bndbox>
    </object>    <object>
        <name>house</name>
        <pose>Unspecified</pose>
        <truncated>0</truncated>
        <difficult>0</difficult>
        <bndbox>
            <xmin>460.0</xmin>
            <ymin>213.0</ymin>
            <xmax>637.0</xmax>
            <ymax>348.0</ymax>
        </bndbox>
    </object>
</annotation>
