<annotation>
    <folder>JPEGImages</folder>
    <filename>file_180_0_39.029055073420885_-94.57635475577888.jpg</filename>
    <path>C:\Users\Siri\PycharmProjects\Dataset_conversion\Dataset\VOC2007\JPEGImages\file_180_0_39.029055073420885_-94.57635475577888.jpg</path>
    <source>
        <database>Unknown</database>
    </source>
    <size>
        <width>640</width>
        <height>640</height>
        <depth>3</depth>
    </size>
    <segmented>0</segmented>
    <object>
        <name>house</name>
        <pose>Unspecified</pose>
        <truncated>0</truncated>
        <difficult>0</difficult>
        <bndbox>
            <xmin>2.0</xmin>
            <ymin>263.0</ymin>
            <xmax>64.0</xmax>
            <ymax>318.0</ymax>
        </bndbox>
    </object>    <object>
        <name>house</name>
        <pose>Unspecified</pose>
        <truncated>0</truncated>
        <difficult>0</difficult>
        <bndbox>
            <xmin>94.0</xmin>
            <ymin>276.0</ymin>
            <xmax>160.0</xmax>
            <ymax>323.0</ymax>
        </bndbox>
    </object>    <object>
        <name>house</name>
        <pose>Unspecified</pose>
        <truncated>0</truncated>
        <difficult>0</difficult>
        <bndbox>
            <xmin>169.0</xmin>
            <ymin>278.0</ymin>
            <xmax>202.0</xmax>
            <ymax>318.0</ymax>
        </bndbox>
    </object>    <object>
        <name>house</name>
        <pose>Unspecified</pose>
        <truncated>0</truncated>
        <difficult>0</difficult>
        <bndbox>
            <xmin>204.0</xmin>
            <ymin>192.0</ymin>
            <xmax>587.0</xmax>
            <ymax>368.0</ymax>
        </bndbox>
    </object>    <object>
        <name>house</name>
        <pose>Unspecified</pose>
        <truncated>0</truncated>
        <difficult>0</difficult>
        <bndbox>
            <xmin>595.0</xmin>
            <ymin>265.0</ymin>
            <xmax>636.0</xmax>
            <ymax>340.0</ymax>
        </bndbox>
    </object>
</annotation>
