<annotation>
    <folder>JPEGImages</folder>
    <filename>file_225_0_39.03267496214324_-94.57290716009702.jpg</filename>
    <path>C:\Users\Siri\PycharmProjects\Dataset_conversion\Dataset\VOC2007\JPEGImages\file_225_0_39.03267496214324_-94.57290716009702.jpg</path>
    <source>
        <database>Unknown</database>
    </source>
    <size>
        <width>640</width>
        <height>640</height>
        <depth>3</depth>
    </size>
    <segmented>0</segmented>
    <object>
        <name>house</name>
        <pose>Unspecified</pose>
        <truncated>0</truncated>
        <difficult>0</difficult>
        <bndbox>
            <xmin>560.0</xmin>
            <ymin>291.0</ymin>
            <xmax>603.0</xmax>
            <ymax>316.0</ymax>
        </bndbox>
    </object>
</annotation>
