<annotation>
    <folder>JPEGImages</folder>
    <filename>file_180_0_39.03255429749776_-94.57801143472433.jpg</filename>
    <path>C:\Users\Siri\PycharmProjects\Dataset_conversion\Dataset\VOC2007\JPEGImages\file_180_0_39.03255429749776_-94.57801143472433.jpg</path>
    <source>
        <database>Unknown</database>
    </source>
    <size>
        <width>640</width>
        <height>640</height>
        <depth>3</depth>
    </size>
    <segmented>0</segmented>
    <object>
        <name>house</name>
        <pose>Unspecified</pose>
        <truncated>0</truncated>
        <difficult>0</difficult>
        <bndbox>
            <xmin>2.0</xmin>
            <ymin>213.0</ymin>
            <xmax>149.0</xmax>
            <ymax>317.0</ymax>
        </bndbox>
    </object>    <object>
        <name>house</name>
        <pose>Unspecified</pose>
        <truncated>0</truncated>
        <difficult>0</difficult>
        <bndbox>
            <xmin>162.0</xmin>
            <ymin>260.0</ymin>
            <xmax>217.0</xmax>
            <ymax>307.0</ymax>
        </bndbox>
    </object>
</annotation>
