<annotation>
    <folder>JPEGImages</folder>
    <filename>file_180_0_39.02902866409274_-94.57506922847526.jpg</filename>
    <path>C:\Users\Siri\PycharmProjects\Dataset_conversion\Dataset\VOC2007\JPEGImages\file_180_0_39.02902866409274_-94.57506922847526.jpg</path>
    <source>
        <database>Unknown</database>
    </source>
    <size>
        <width>640</width>
        <height>640</height>
        <depth>3</depth>
    </size>
    <segmented>0</segmented>
    <object>
        <name>house</name>
        <pose>Unspecified</pose>
        <truncated>0</truncated>
        <difficult>0</difficult>
        <bndbox>
            <xmin>2.0</xmin>
            <ymin>265.0</ymin>
            <xmax>76.0</xmax>
            <ymax>332.0</ymax>
        </bndbox>
    </object>    <object>
        <name>house</name>
        <pose>Unspecified</pose>
        <truncated>0</truncated>
        <difficult>0</difficult>
        <bndbox>
            <xmin>85.0</xmin>
            <ymin>274.0</ymin>
            <xmax>167.0</xmax>
            <ymax>333.0</ymax>
        </bndbox>
    </object>
</annotation>
