<annotation>
    <folder>JPEGImages</folder>
    <filename>file_225_0_39.0292843982154_-94.57476477222616.jpg</filename>
    <path>C:\Users\Siri\PycharmProjects\Dataset_conversion\Dataset\VOC2007\JPEGImages\file_225_0_39.0292843982154_-94.57476477222616.jpg</path>
    <source>
        <database>Unknown</database>
    </source>
    <size>
        <width>640</width>
        <height>640</height>
        <depth>3</depth>
    </size>
    <segmented>0</segmented>
    <object>
        <name>house</name>
        <pose>Unspecified</pose>
        <truncated>0</truncated>
        <difficult>0</difficult>
        <bndbox>
            <xmin>540.0</xmin>
            <ymin>229.0</ymin>
            <xmax>636.0</xmax>
            <ymax>326.0</ymax>
        </bndbox>
    </object>    <object>
        <name>house</name>
        <pose>Unspecified</pose>
        <truncated>0</truncated>
        <difficult>0</difficult>
        <bndbox>
            <xmin>362.0</xmin>
            <ymin>221.0</ymin>
            <xmax>525.0</xmax>
            <ymax>327.0</ymax>
        </bndbox>
    </object>    <object>
        <name>house</name>
        <pose>Unspecified</pose>
        <truncated>0</truncated>
        <difficult>0</difficult>
        <bndbox>
            <xmin>208.0</xmin>
            <ymin>253.0</ymin>
            <xmax>345.0</xmax>
            <ymax>331.0</ymax>
        </bndbox>
    </object>
</annotation>
