<annotation>
    <folder>JPEGImages</folder>
    <filename>file_180_0_39.02876345763596_-94.57702107920345.jpg</filename>
    <path>C:\Users\Siri\PycharmProjects\Dataset_conversion\Dataset\VOC2007\JPEGImages\file_180_0_39.02876345763596_-94.57702107920345.jpg</path>
    <source>
        <database>Unknown</database>
    </source>
    <size>
        <width>640</width>
        <height>640</height>
        <depth>3</depth>
    </size>
    <segmented>0</segmented>
    <object>
        <name>house</name>
        <pose>Unspecified</pose>
        <truncated>0</truncated>
        <difficult>0</difficult>
        <bndbox>
            <xmin>6.0</xmin>
            <ymin>212.0</ymin>
            <xmax>184.0</xmax>
            <ymax>413.0</ymax>
        </bndbox>
    </object>    <object>
        <name>house</name>
        <pose>Unspecified</pose>
        <truncated>0</truncated>
        <difficult>0</difficult>
        <bndbox>
            <xmin>194.0</xmin>
            <ymin>261.0</ymin>
            <xmax>257.0</xmax>
            <ymax>370.0</ymax>
        </bndbox>
    </object>    <object>
        <name>house</name>
        <pose>Unspecified</pose>
        <truncated>0</truncated>
        <difficult>0</difficult>
        <bndbox>
            <xmin>266.0</xmin>
            <ymin>278.0</ymin>
            <xmax>299.0</xmax>
            <ymax>342.0</ymax>
        </bndbox>
    </object>    <object>
        <name>house</name>
        <pose>Unspecified</pose>
        <truncated>0</truncated>
        <difficult>0</difficult>
        <bndbox>
            <xmin>503.0</xmin>
            <ymin>241.0</ymin>
            <xmax>631.0</xmax>
            <ymax>370.0</ymax>
        </bndbox>
    </object>    <object>
        <name>house</name>
        <pose>Unspecified</pose>
        <truncated>0</truncated>
        <difficult>0</difficult>
        <bndbox>
            <xmin>427.0</xmin>
            <ymin>250.0</ymin>
            <xmax>491.0</xmax>
            <ymax>359.0</ymax>
        </bndbox>
    </object>
</annotation>
