<annotation>
    <folder>JPEGImages</folder>
    <filename>file_225_0_39.02877532357642_-94.57702084472463.jpg</filename>
    <path>C:\Users\Siri\PycharmProjects\Dataset_conversion\Dataset\VOC2007\JPEGImages\file_225_0_39.02877532357642_-94.57702084472463.jpg</path>
    <source>
        <database>Unknown</database>
    </source>
    <size>
        <width>640</width>
        <height>640</height>
        <depth>3</depth>
    </size>
    <segmented>0</segmented>
    <object>
        <name>house</name>
        <pose>Unspecified</pose>
        <truncated>0</truncated>
        <difficult>0</difficult>
        <bndbox>
            <xmin>299.0</xmin>
            <ymin>255.0</ymin>
            <xmax>482.0</xmax>
            <ymax>369.0</ymax>
        </bndbox>
    </object>    <object>
        <name>house</name>
        <pose>Unspecified</pose>
        <truncated>0</truncated>
        <difficult>0</difficult>
        <bndbox>
            <xmin>181.0</xmin>
            <ymin>281.0</ymin>
            <xmax>280.0</xmax>
            <ymax>362.0</ymax>
        </bndbox>
    </object>
</annotation>
