<annotation>
    <folder>JPEGImages</folder>
    <filename>file_225_0_39.03086344941354_-94.57506548710991.jpg</filename>
    <path>C:\Users\Siri\PycharmProjects\Dataset_conversion\Dataset\VOC2007\JPEGImages\file_225_0_39.03086344941354_-94.57506548710991.jpg</path>
    <source>
        <database>Unknown</database>
    </source>
    <size>
        <width>640</width>
        <height>640</height>
        <depth>3</depth>
    </size>
    <segmented>0</segmented>
    <object>
        <name>house</name>
        <pose>Unspecified</pose>
        <truncated>0</truncated>
        <difficult>0</difficult>
        <bndbox>
            <xmin>3.0</xmin>
            <ymin>28.0</ymin>
            <xmax>297.0</xmax>
            <ymax>459.0</ymax>
        </bndbox>
    </object>    <object>
        <name>house</name>
        <pose>Unspecified</pose>
        <truncated>0</truncated>
        <difficult>0</difficult>
        <bndbox>
            <xmin>434.0</xmin>
            <ymin>235.0</ymin>
            <xmax>551.0</xmax>
            <ymax>362.0</ymax>
        </bndbox>
    </object>    <object>
        <name>house</name>
        <pose>Unspecified</pose>
        <truncated>0</truncated>
        <difficult>0</difficult>
        <bndbox>
            <xmin>570.0</xmin>
            <ymin>275.0</ymin>
            <xmax>626.0</xmax>
            <ymax>343.0</ymax>
        </bndbox>
    </object>    <object>
        <name>house</name>
        <pose>Unspecified</pose>
        <truncated>0</truncated>
        <difficult>0</difficult>
        <bndbox>
            <xmin>313.0</xmin>
            <ymin>257.0</ymin>
            <xmax>416.0</xmax>
            <ymax>369.0</ymax>
        </bndbox>
    </object>
</annotation>
