<annotation>
    <folder>JPEGImages</folder>
    <filename>file_225_0_39.03069197086597_-94.57468879246072.jpg</filename>
    <path>C:\Users\Siri\PycharmProjects\Dataset_conversion\Dataset\VOC2007\JPEGImages\file_225_0_39.03069197086597_-94.57468879246072.jpg</path>
    <source>
        <database>Unknown</database>
    </source>
    <size>
        <width>640</width>
        <height>640</height>
        <depth>3</depth>
    </size>
    <segmented>0</segmented>
    <object>
        <name>house</name>
        <pose>Unspecified</pose>
        <truncated>0</truncated>
        <difficult>0</difficult>
        <bndbox>
            <xmin>558.0</xmin>
            <ymin>235.0</ymin>
            <xmax>638.0</xmax>
            <ymax>339.0</ymax>
        </bndbox>
    </object>    <object>
        <name>house</name>
        <pose>Unspecified</pose>
        <truncated>0</truncated>
        <difficult>0</difficult>
        <bndbox>
            <xmin>391.0</xmin>
            <ymin>261.0</ymin>
            <xmax>548.0</xmax>
            <ymax>338.0</ymax>
        </bndbox>
    </object>    <object>
        <name>house</name>
        <pose>Unspecified</pose>
        <truncated>0</truncated>
        <difficult>0</difficult>
        <bndbox>
            <xmin>311.0</xmin>
            <ymin>260.0</ymin>
            <xmax>381.0</xmax>
            <ymax>332.0</ymax>
        </bndbox>
    </object>    <object>
        <name>house</name>
        <pose>Unspecified</pose>
        <truncated>0</truncated>
        <difficult>0</difficult>
        <bndbox>
            <xmin>140.0</xmin>
            <ymin>291.0</ymin>
            <xmax>211.0</xmax>
            <ymax>341.0</ymax>
        </bndbox>
    </object>
</annotation>
