<annotation>
    <folder>JPEGImages</folder>
    <filename>file_180_0_39.02867224733354_-94.57835263026772.jpg</filename>
    <path>C:\Users\Siri\PycharmProjects\Dataset_conversion\Dataset\VOC2007\JPEGImages\file_180_0_39.02867224733354_-94.57835263026772.jpg</path>
    <source>
        <database>Unknown</database>
    </source>
    <size>
        <width>640</width>
        <height>640</height>
        <depth>3</depth>
    </size>
    <segmented>0</segmented>
    <object>
        <name>house</name>
        <pose>Unspecified</pose>
        <truncated>0</truncated>
        <difficult>0</difficult>
        <bndbox>
            <xmin>4.0</xmin>
            <ymin>255.0</ymin>
            <xmax>96.0</xmax>
            <ymax>343.0</ymax>
        </bndbox>
    </object>    <object>
        <name>house</name>
        <pose>Unspecified</pose>
        <truncated>0</truncated>
        <difficult>0</difficult>
        <bndbox>
            <xmin>126.0</xmin>
            <ymin>282.0</ymin>
            <xmax>208.0</xmax>
            <ymax>353.0</ymax>
        </bndbox>
    </object>    <object>
        <name>house</name>
        <pose>Unspecified</pose>
        <truncated>0</truncated>
        <difficult>0</difficult>
        <bndbox>
            <xmin>220.0</xmin>
            <ymin>281.0</ymin>
            <xmax>256.0</xmax>
            <ymax>356.0</ymax>
        </bndbox>
    </object>    <object>
        <name>house</name>
        <pose>Unspecified</pose>
        <truncated>0</truncated>
        <difficult>0</difficult>
        <bndbox>
            <xmin>264.0</xmin>
            <ymin>292.0</ymin>
            <xmax>296.0</xmax>
            <ymax>339.0</ymax>
        </bndbox>
    </object>    <object>
        <name>house</name>
        <pose>Unspecified</pose>
        <truncated>0</truncated>
        <difficult>0</difficult>
        <bndbox>
            <xmin>404.0</xmin>
            <ymin>284.0</ymin>
            <xmax>447.0</xmax>
            <ymax>340.0</ymax>
        </bndbox>
    </object>
</annotation>
