<annotation>
    <folder>JPEGImages</folder>
    <filename>file_180_0_39.03265150691812_-94.57306489532088.jpg</filename>
    <path>C:\Users\Siri\PycharmProjects\Dataset_conversion\Dataset\VOC2007\JPEGImages\file_180_0_39.03265150691812_-94.57306489532088.jpg</path>
    <source>
        <database>Unknown</database>
    </source>
    <size>
        <width>640</width>
        <height>640</height>
        <depth>3</depth>
    </size>
    <segmented>0</segmented>
    <object>
        <name>house</name>
        <pose>Unspecified</pose>
        <truncated>0</truncated>
        <difficult>0</difficult>
        <bndbox>
            <xmin>68.0</xmin>
            <ymin>156.0</ymin>
            <xmax>417.0</xmax>
            <ymax>337.0</ymax>
        </bndbox>
    </object>    <object>
        <name>house</name>
        <pose>Unspecified</pose>
        <truncated>0</truncated>
        <difficult>0</difficult>
        <bndbox>
            <xmin>471.0</xmin>
            <ymin>287.0</ymin>
            <xmax>563.0</xmax>
            <ymax>321.0</ymax>
        </bndbox>
    </object>
</annotation>
