<annotation>
    <folder>JPEGImages</folder>
    <filename>file_180_0_39.03091144537018_-94.57734715817146.jpg</filename>
    <path>C:\Users\Siri\PycharmProjects\Dataset_conversion\Dataset\VOC2007\JPEGImages\file_180_0_39.03091144537018_-94.57734715817146.jpg</path>
    <source>
        <database>Unknown</database>
    </source>
    <size>
        <width>640</width>
        <height>640</height>
        <depth>3</depth>
    </size>
    <segmented>0</segmented>
    <object>
        <name>house</name>
        <pose>Unspecified</pose>
        <truncated>0</truncated>
        <difficult>0</difficult>
        <bndbox>
            <xmin>0.0</xmin>
            <ymin>219.0</ymin>
            <xmax>129.0</xmax>
            <ymax>319.0</ymax>
        </bndbox>
    </object>    <object>
        <name>house</name>
        <pose>Unspecified</pose>
        <truncated>0</truncated>
        <difficult>0</difficult>
        <bndbox>
            <xmin>137.0</xmin>
            <ymin>258.0</ymin>
            <xmax>183.0</xmax>
            <ymax>311.0</ymax>
        </bndbox>
    </object>    <object>
        <name>house</name>
        <pose>Unspecified</pose>
        <truncated>0</truncated>
        <difficult>0</difficult>
        <bndbox>
            <xmin>192.0</xmin>
            <ymin>263.0</ymin>
            <xmax>238.0</xmax>
            <ymax>306.0</ymax>
        </bndbox>
    </object>    <object>
        <name>house</name>
        <pose>Unspecified</pose>
        <truncated>0</truncated>
        <difficult>0</difficult>
        <bndbox>
            <xmin>239.0</xmin>
            <ymin>63.0</ymin>
            <xmax>636.0</xmax>
            <ymax>361.0</ymax>
        </bndbox>
    </object>
</annotation>
