<annotation>
    <folder>JPEGImages</folder>
    <filename>file_225_0_39.02848024380251_-94.5783668047024.jpg</filename>
    <path>C:\Users\Siri\PycharmProjects\Dataset_conversion\Dataset\VOC2007\JPEGImages\file_225_0_39.02848024380251_-94.5783668047024.jpg</path>
    <source>
        <database>Unknown</database>
    </source>
    <size>
        <width>640</width>
        <height>640</height>
        <depth>3</depth>
    </size>
    <segmented>0</segmented>
    <object>
        <name>house</name>
        <pose>Unspecified</pose>
        <truncated>0</truncated>
        <difficult>0</difficult>
        <bndbox>
            <xmin>377.0</xmin>
            <ymin>227.0</ymin>
            <xmax>542.0</xmax>
            <ymax>347.0</ymax>
        </bndbox>
    </object>    <object>
        <name>house</name>
        <pose>Unspecified</pose>
        <truncated>0</truncated>
        <difficult>0</difficult>
        <bndbox>
            <xmin>284.0</xmin>
            <ymin>257.0</ymin>
            <xmax>366.0</xmax>
            <ymax>342.0</ymax>
        </bndbox>
    </object>    <object>
        <name>house</name>
        <pose>Unspecified</pose>
        <truncated>0</truncated>
        <difficult>0</difficult>
        <bndbox>
            <xmin>197.0</xmin>
            <ymin>282.0</ymin>
            <xmax>273.0</xmax>
            <ymax>344.0</ymax>
        </bndbox>
    </object>
</annotation>
