<annotation>
    <folder>JPEGImages</folder>
    <filename>file_270_0_39.027251489579086_-94.5781955060618.jpg</filename>
    <path>C:\Users\Siri\PycharmProjects\Dataset_conversion\Dataset\VOC2007\JPEGImages\file_270_0_39.027251489579086_-94.5781955060618.jpg</path>
    <source>
        <database>Unknown</database>
    </source>
    <size>
        <width>640</width>
        <height>640</height>
        <depth>3</depth>
    </size>
    <segmented>0</segmented>
    <object>
        <name>house</name>
        <pose>Unspecified</pose>
        <truncated>0</truncated>
        <difficult>0</difficult>
        <bndbox>
            <xmin>518.0</xmin>
            <ymin>250.0</ymin>
            <xmax>630.0</xmax>
            <ymax>334.0</ymax>
        </bndbox>
    </object>    <object>
        <name>house</name>
        <pose>Unspecified</pose>
        <truncated>0</truncated>
        <difficult>0</difficult>
        <bndbox>
            <xmin>401.0</xmin>
            <ymin>274.0</ymin>
            <xmax>460.0</xmax>
            <ymax>320.0</ymax>
        </bndbox>
    </object>    <object>
        <name>house</name>
        <pose>Unspecified</pose>
        <truncated>0</truncated>
        <difficult>0</difficult>
        <bndbox>
            <xmin>2.0</xmin>
            <ymin>251.0</ymin>
            <xmax>72.0</xmax>
            <ymax>316.0</ymax>
        </bndbox>
    </object>    <object>
        <name>house</name>
        <pose>Unspecified</pose>
        <truncated>0</truncated>
        <difficult>0</difficult>
        <bndbox>
            <xmin>89.0</xmin>
            <ymin>247.0</ymin>
            <xmax>120.0</xmax>
            <ymax>319.0</ymax>
        </bndbox>
    </object>    <object>
        <name>house</name>
        <pose>Unspecified</pose>
        <truncated>0</truncated>
        <difficult>0</difficult>
        <bndbox>
            <xmin>136.0</xmin>
            <ymin>248.0</ymin>
            <xmax>201.0</xmax>
            <ymax>319.0</ymax>
        </bndbox>
    </object>
</annotation>
