<annotation>
    <folder>JPEGImages</folder>
    <filename>file_225_0_39.02885838515962_-94.5770192033729.jpg</filename>
    <path>C:\Users\Siri\PycharmProjects\Dataset_conversion\Dataset\VOC2007\JPEGImages\file_225_0_39.02885838515962_-94.5770192033729.jpg</path>
    <source>
        <database>Unknown</database>
    </source>
    <size>
        <width>640</width>
        <height>640</height>
        <depth>3</depth>
    </size>
    <segmented>0</segmented>
    <object>
        <name>house</name>
        <pose>Unspecified</pose>
        <truncated>0</truncated>
        <difficult>0</difficult>
        <bndbox>
            <xmin>548.0</xmin>
            <ymin>208.0</ymin>
            <xmax>639.0</xmax>
            <ymax>363.0</ymax>
        </bndbox>
    </object>    <object>
        <name>house</name>
        <pose>Unspecified</pose>
        <truncated>0</truncated>
        <difficult>0</difficult>
        <bndbox>
            <xmin>157.0</xmin>
            <ymin>262.0</ymin>
            <xmax>410.0</xmax>
            <ymax>355.0</ymax>
        </bndbox>
    </object>
</annotation>
