<annotation>
    <folder>JPEGImages</folder>
    <filename>file_270_0_39.028364397310995_-94.57837573045906.jpg</filename>
    <path>C:\Users\Siri\PycharmProjects\Dataset_conversion\Dataset\VOC2007\JPEGImages\file_270_0_39.028364397310995_-94.57837573045906.jpg</path>
    <source>
        <database>Unknown</database>
    </source>
    <size>
        <width>640</width>
        <height>640</height>
        <depth>3</depth>
    </size>
    <segmented>0</segmented>
    <object>
        <name>house</name>
        <pose>Unspecified</pose>
        <truncated>0</truncated>
        <difficult>0</difficult>
        <bndbox>
            <xmin>2.0</xmin>
            <ymin>241.0</ymin>
            <xmax>184.0</xmax>
            <ymax>366.0</ymax>
        </bndbox>
    </object>    <object>
        <name>house</name>
        <pose>Unspecified</pose>
        <truncated>0</truncated>
        <difficult>0</difficult>
        <bndbox>
            <xmin>207.0</xmin>
            <ymin>235.0</ymin>
            <xmax>387.0</xmax>
            <ymax>354.0</ymax>
        </bndbox>
    </object>    <object>
        <name>house</name>
        <pose>Unspecified</pose>
        <truncated>0</truncated>
        <difficult>0</difficult>
        <bndbox>
            <xmin>407.0</xmin>
            <ymin>219.0</ymin>
            <xmax>633.0</xmax>
            <ymax>354.0</ymax>
        </bndbox>
    </object>
</annotation>
