<annotation>
    <folder>JPEGImages</folder>
    <filename>file_180_0_39.03139474036794_-94.57819994700554.jpg</filename>
    <path>C:\Users\Siri\PycharmProjects\Dataset_conversion\Dataset\VOC2007\JPEGImages\file_180_0_39.03139474036794_-94.57819994700554.jpg</path>
    <source>
        <database>Unknown</database>
    </source>
    <size>
        <width>640</width>
        <height>640</height>
        <depth>3</depth>
    </size>
    <segmented>0</segmented>
    <object>
        <name>house</name>
        <pose>Unspecified</pose>
        <truncated>0</truncated>
        <difficult>0</difficult>
        <bndbox>
            <xmin>3.0</xmin>
            <ymin>257.0</ymin>
            <xmax>48.0</xmax>
            <ymax>316.0</ymax>
        </bndbox>
    </object>    <object>
        <name>house</name>
        <pose>Unspecified</pose>
        <truncated>0</truncated>
        <difficult>0</difficult>
        <bndbox>
            <xmin>62.0</xmin>
            <ymin>276.0</ymin>
            <xmax>132.0</xmax>
            <ymax>326.0</ymax>
        </bndbox>
    </object>    <object>
        <name>house</name>
        <pose>Unspecified</pose>
        <truncated>0</truncated>
        <difficult>0</difficult>
        <bndbox>
            <xmin>161.0</xmin>
            <ymin>269.0</ymin>
            <xmax>239.0</xmax>
            <ymax>336.0</ymax>
        </bndbox>
    </object>    <object>
        <name>house</name>
        <pose>Unspecified</pose>
        <truncated>0</truncated>
        <difficult>0</difficult>
        <bndbox>
            <xmin>245.0</xmin>
            <ymin>279.0</ymin>
            <xmax>290.0</xmax>
            <ymax>317.0</ymax>
        </bndbox>
    </object>    <object>
        <name>house</name>
        <pose>Unspecified</pose>
        <truncated>0</truncated>
        <difficult>0</difficult>
        <bndbox>
            <xmin>453.0</xmin>
            <ymin>276.0</ymin>
            <xmax>543.0</xmax>
            <ymax>333.0</ymax>
        </bndbox>
    </object>
</annotation>
