<annotation>
    <folder>JPEGImages</folder>
    <filename>file_225_0_39.028953312683285_-94.57701732754235.jpg</filename>
    <path>C:\Users\Siri\PycharmProjects\Dataset_conversion\Dataset\VOC2007\JPEGImages\file_225_0_39.028953312683285_-94.57701732754235.jpg</path>
    <source>
        <database>Unknown</database>
    </source>
    <size>
        <width>640</width>
        <height>640</height>
        <depth>3</depth>
    </size>
    <segmented>0</segmented>
    <object>
        <name>house</name>
        <pose>Unspecified</pose>
        <truncated>0</truncated>
        <difficult>0</difficult>
        <bndbox>
            <xmin>379.0</xmin>
            <ymin>254.0</ymin>
            <xmax>636.0</xmax>
            <ymax>371.0</ymax>
        </bndbox>
    </object>    <object>
        <name>house</name>
        <pose>Unspecified</pose>
        <truncated>0</truncated>
        <difficult>0</difficult>
        <bndbox>
            <xmin>173.0</xmin>
            <ymin>295.0</ymin>
            <xmax>342.0</xmax>
            <ymax>354.0</ymax>
        </bndbox>
    </object>
</annotation>
