<annotation>
    <folder>JPEGImages</folder>
    <filename>file_225_0_39.028787189516876_-94.57702061024581.jpg</filename>
    <path>C:\Users\Siri\PycharmProjects\Dataset_conversion\Dataset\VOC2007\JPEGImages\file_225_0_39.028787189516876_-94.57702061024581.jpg</path>
    <source>
        <database>Unknown</database>
    </source>
    <size>
        <width>640</width>
        <height>640</height>
        <depth>3</depth>
    </size>
    <segmented>0</segmented>
    <object>
        <name>house</name>
        <pose>Unspecified</pose>
        <truncated>0</truncated>
        <difficult>0</difficult>
        <bndbox>
            <xmin>295.0</xmin>
            <ymin>255.0</ymin>
            <xmax>477.0</xmax>
            <ymax>370.0</ymax>
        </bndbox>
    </object>    <object>
        <name>house</name>
        <pose>Unspecified</pose>
        <truncated>0</truncated>
        <difficult>0</difficult>
        <bndbox>
            <xmin>150.0</xmin>
            <ymin>273.0</ymin>
            <xmax>274.0</xmax>
            <ymax>358.0</ymax>
        </bndbox>
    </object>
</annotation>
