<annotation>
    <folder>JPEGImages</folder>
    <filename>file_135_0_39.032581141242765_-94.57353810099248.jpg</filename>
    <path>C:\Users\Siri\PycharmProjects\Dataset_conversion\Dataset\VOC2007\JPEGImages\file_135_0_39.032581141242765_-94.57353810099248.jpg</path>
    <source>
        <database>Unknown</database>
    </source>
    <size>
        <width>640</width>
        <height>640</height>
        <depth>3</depth>
    </size>
    <segmented>0</segmented>
    <object>
        <name>house</name>
        <pose>Unspecified</pose>
        <truncated>0</truncated>
        <difficult>0</difficult>
        <bndbox>
            <xmin>85.0</xmin>
            <ymin>280.0</ymin>
            <xmax>120.0</xmax>
            <ymax>344.0</ymax>
        </bndbox>
    </object>    <object>
        <name>house</name>
        <pose>Unspecified</pose>
        <truncated>0</truncated>
        <difficult>0</difficult>
        <bndbox>
            <xmin>122.0</xmin>
            <ymin>216.0</ymin>
            <xmax>421.0</xmax>
            <ymax>336.0</ymax>
        </bndbox>
    </object>    <object>
        <name>house</name>
        <pose>Unspecified</pose>
        <truncated>0</truncated>
        <difficult>0</difficult>
        <bndbox>
            <xmin>437.0</xmin>
            <ymin>267.0</ymin>
            <xmax>578.0</xmax>
            <ymax>326.0</ymax>
        </bndbox>
    </object>
</annotation>
