<annotation>
    <folder>JPEGImages</folder>
    <filename>file_180_0_39.027249081044914_-94.57825424449932.jpg</filename>
    <path>C:\Users\Siri\PycharmProjects\Dataset_conversion\Dataset\VOC2007\JPEGImages\file_180_0_39.027249081044914_-94.57825424449932.jpg</path>
    <source>
        <database>Unknown</database>
    </source>
    <size>
        <width>640</width>
        <height>640</height>
        <depth>3</depth>
    </size>
    <segmented>0</segmented>
    <object>
        <name>house</name>
        <pose>Unspecified</pose>
        <truncated>0</truncated>
        <difficult>0</difficult>
        <bndbox>
            <xmin>7.0</xmin>
            <ymin>169.0</ymin>
            <xmax>262.0</xmax>
            <ymax>361.0</ymax>
        </bndbox>
    </object>    <object>
        <name>house</name>
        <pose>Unspecified</pose>
        <truncated>0</truncated>
        <difficult>0</difficult>
        <bndbox>
            <xmin>274.0</xmin>
            <ymin>260.0</ymin>
            <xmax>305.0</xmax>
            <ymax>362.0</ymax>
        </bndbox>
    </object>    <object>
        <name>house</name>
        <pose>Unspecified</pose>
        <truncated>0</truncated>
        <difficult>0</difficult>
        <bndbox>
            <xmin>588.0</xmin>
            <ymin>282.0</ymin>
            <xmax>636.0</xmax>
            <ymax>343.0</ymax>
        </bndbox>
    </object>    <object>
        <name>house</name>
        <pose>Unspecified</pose>
        <truncated>0</truncated>
        <difficult>0</difficult>
        <bndbox>
            <xmin>550.0</xmin>
            <ymin>282.0</ymin>
            <xmax>578.0</xmax>
            <ymax>349.0</ymax>
        </bndbox>
    </object>    <object>
        <name>house</name>
        <pose>Unspecified</pose>
        <truncated>0</truncated>
        <difficult>0</difficult>
        <bndbox>
            <xmin>513.0</xmin>
            <ymin>295.0</ymin>
            <xmax>540.0</xmax>
            <ymax>339.0</ymax>
        </bndbox>
    </object>    <object>
        <name>house</name>
        <pose>Unspecified</pose>
        <truncated>0</truncated>
        <difficult>0</difficult>
        <bndbox>
            <xmin>479.0</xmin>
            <ymin>295.0</ymin>
            <xmax>501.0</xmax>
            <ymax>334.0</ymax>
        </bndbox>
    </object>    <object>
        <name>house</name>
        <pose>Unspecified</pose>
        <truncated>0</truncated>
        <difficult>0</difficult>
        <bndbox>
            <xmin>447.0</xmin>
            <ymin>297.0</ymin>
            <xmax>467.0</xmax>
            <ymax>329.0</ymax>
        </bndbox>
    </object>
</annotation>
