<annotation>
    <folder>JPEGImages</folder>
    <filename>file_180_0_39.02796618525348_-94.57707629612256.jpg</filename>
    <path>C:\Users\Siri\PycharmProjects\Dataset_conversion\Dataset\VOC2007\JPEGImages\file_180_0_39.02796618525348_-94.57707629612256.jpg</path>
    <source>
        <database>Unknown</database>
    </source>
    <size>
        <width>640</width>
        <height>640</height>
        <depth>3</depth>
    </size>
    <segmented>0</segmented>
    <object>
        <name>house</name>
        <pose>Unspecified</pose>
        <truncated>0</truncated>
        <difficult>0</difficult>
        <bndbox>
            <xmin>4.0</xmin>
            <ymin>205.0</ymin>
            <xmax>155.0</xmax>
            <ymax>360.0</ymax>
        </bndbox>
    </object>    <object>
        <name>house</name>
        <pose>Unspecified</pose>
        <truncated>0</truncated>
        <difficult>0</difficult>
        <bndbox>
            <xmin>165.0</xmin>
            <ymin>260.0</ymin>
            <xmax>202.0</xmax>
            <ymax>367.0</ymax>
        </bndbox>
    </object>    <object>
        <name>house</name>
        <pose>Unspecified</pose>
        <truncated>0</truncated>
        <difficult>0</difficult>
        <bndbox>
            <xmin>214.0</xmin>
            <ymin>282.0</ymin>
            <xmax>249.0</xmax>
            <ymax>383.0</ymax>
        </bndbox>
    </object>    <object>
        <name>house</name>
        <pose>Unspecified</pose>
        <truncated>0</truncated>
        <difficult>0</difficult>
        <bndbox>
            <xmin>289.0</xmin>
            <ymin>308.0</ymin>
            <xmax>329.0</xmax>
            <ymax>339.0</ymax>
        </bndbox>
    </object>    <object>
        <name>house</name>
        <pose>Unspecified</pose>
        <truncated>0</truncated>
        <difficult>0</difficult>
        <bndbox>
            <xmin>544.0</xmin>
            <ymin>260.0</ymin>
            <xmax>635.0</xmax>
            <ymax>354.0</ymax>
        </bndbox>
    </object>    <object>
        <name>house</name>
        <pose>Unspecified</pose>
        <truncated>0</truncated>
        <difficult>0</difficult>
        <bndbox>
            <xmin>447.0</xmin>
            <ymin>267.0</ymin>
            <xmax>532.0</xmax>
            <ymax>347.0</ymax>
        </bndbox>
    </object>    <object>
        <name>house</name>
        <pose>Unspecified</pose>
        <truncated>0</truncated>
        <difficult>0</difficult>
        <bndbox>
            <xmin>413.0</xmin>
            <ymin>282.0</ymin>
            <xmax>437.0</xmax>
            <ymax>348.0</ymax>
        </bndbox>
    </object>
</annotation>
