<annotation>
    <folder>JPEGImages</folder>
    <filename>file_225_0_39.031250099591546_-94.57820921818126.jpg</filename>
    <path>C:\Users\Siri\PycharmProjects\Dataset_conversion\Dataset\VOC2007\JPEGImages\file_225_0_39.031250099591546_-94.57820921818126.jpg</path>
    <source>
        <database>Unknown</database>
    </source>
    <size>
        <width>640</width>
        <height>640</height>
        <depth>3</depth>
    </size>
    <segmented>0</segmented>
    <object>
        <name>house</name>
        <pose>Unspecified</pose>
        <truncated>0</truncated>
        <difficult>0</difficult>
        <bndbox>
            <xmin>214.0</xmin>
            <ymin>276.0</ymin>
            <xmax>279.0</xmax>
            <ymax>321.0</ymax>
        </bndbox>
    </object>    <object>
        <name>house</name>
        <pose>Unspecified</pose>
        <truncated>0</truncated>
        <difficult>0</difficult>
        <bndbox>
            <xmin>450.0</xmin>
            <ymin>309.0</ymin>
            <xmax>513.0</xmax>
            <ymax>342.0</ymax>
        </bndbox>
    </object>
</annotation>
