<annotation>
    <folder>JPEGImages</folder>
    <filename>file_270_0_39.03181733997468_-94.57817421226162.jpg</filename>
    <path>C:\Users\Siri\PycharmProjects\Dataset_conversion\Dataset\VOC2007\JPEGImages\file_270_0_39.03181733997468_-94.57817421226162.jpg</path>
    <source>
        <database>Unknown</database>
    </source>
    <size>
        <width>640</width>
        <height>640</height>
        <depth>3</depth>
    </size>
    <segmented>0</segmented>
    <object>
        <name>house</name>
        <pose>Unspecified</pose>
        <truncated>0</truncated>
        <difficult>0</difficult>
        <bndbox>
            <xmin>3.0</xmin>
            <ymin>224.0</ymin>
            <xmax>275.0</xmax>
            <ymax>343.0</ymax>
        </bndbox>
    </object>
</annotation>
