<annotation>
    <folder>JPEGImages</folder>
    <filename>file_225_0_39.02888211704054_-94.57701873441526.jpg</filename>
    <path>C:\Users\Siri\PycharmProjects\Dataset_conversion\Dataset\VOC2007\JPEGImages\file_225_0_39.02888211704054_-94.57701873441526.jpg</path>
    <source>
        <database>Unknown</database>
    </source>
    <size>
        <width>640</width>
        <height>640</height>
        <depth>3</depth>
    </size>
    <segmented>0</segmented>
    <object>
        <name>house</name>
        <pose>Unspecified</pose>
        <truncated>0</truncated>
        <difficult>0</difficult>
        <bndbox>
            <xmin>551.0</xmin>
            <ymin>207.0</ymin>
            <xmax>639.0</xmax>
            <ymax>362.0</ymax>
        </bndbox>
    </object>    <object>
        <name>house</name>
        <pose>Unspecified</pose>
        <truncated>0</truncated>
        <difficult>0</difficult>
        <bndbox>
            <xmin>217.0</xmin>
            <ymin>268.0</ymin>
            <xmax>406.0</xmax>
            <ymax>346.0</ymax>
        </bndbox>
    </object>
</annotation>
