<annotation>
    <folder>JPEGImages</folder>
    <filename>file_225_0_39.02865666417184_-94.57702318951281.jpg</filename>
    <path>C:\Users\Siri\PycharmProjects\Dataset_conversion\Dataset\VOC2007\JPEGImages\file_225_0_39.02865666417184_-94.57702318951281.jpg</path>
    <source>
        <database>Unknown</database>
    </source>
    <size>
        <width>640</width>
        <height>640</height>
        <depth>3</depth>
    </size>
    <segmented>0</segmented>
    <object>
        <name>house</name>
        <pose>Unspecified</pose>
        <truncated>0</truncated>
        <difficult>0</difficult>
        <bndbox>
            <xmin>452.0</xmin>
            <ymin>209.0</ymin>
            <xmax>637.0</xmax>
            <ymax>383.0</ymax>
        </bndbox>
    </object>    <object>
        <name>house</name>
        <pose>Unspecified</pose>
        <truncated>0</truncated>
        <difficult>0</difficult>
        <bndbox>
            <xmin>281.0</xmin>
            <ymin>245.0</ymin>
            <xmax>443.0</xmax>
            <ymax>364.0</ymax>
        </bndbox>
    </object>    <object>
        <name>house</name>
        <pose>Unspecified</pose>
        <truncated>0</truncated>
        <difficult>0</difficult>
        <bndbox>
            <xmin>175.0</xmin>
            <ymin>276.0</ymin>
            <xmax>269.0</xmax>
            <ymax>351.0</ymax>
        </bndbox>
    </object>
</annotation>
