<annotation>
    <folder>JPEGImages</folder>
    <filename>file_180_0_39.030849061926446_-94.57458211966339.jpg</filename>
    <path>C:\Users\Siri\PycharmProjects\Dataset_conversion\Dataset\VOC2007\JPEGImages\file_180_0_39.030849061926446_-94.57458211966339.jpg</path>
    <source>
        <database>Unknown</database>
    </source>
    <size>
        <width>640</width>
        <height>640</height>
        <depth>3</depth>
    </size>
    <segmented>0</segmented>
    <object>
        <name>house</name>
        <pose>Unspecified</pose>
        <truncated>0</truncated>
        <difficult>0</difficult>
        <bndbox>
            <xmin>3.0</xmin>
            <ymin>117.0</ymin>
            <xmax>312.0</xmax>
            <ymax>361.0</ymax>
        </bndbox>
    </object>    <object>
        <name>house</name>
        <pose>Unspecified</pose>
        <truncated>0</truncated>
        <difficult>0</difficult>
        <bndbox>
            <xmin>590.0</xmin>
            <ymin>240.0</ymin>
            <xmax>639.0</xmax>
            <ymax>308.0</ymax>
        </bndbox>
    </object>    <object>
        <name>house</name>
        <pose>Unspecified</pose>
        <truncated>0</truncated>
        <difficult>0</difficult>
        <bndbox>
            <xmin>545.0</xmin>
            <ymin>273.0</ymin>
            <xmax>582.0</xmax>
            <ymax>308.0</ymax>
        </bndbox>
    </object>
</annotation>
