<annotation>
    <folder>JPEGImages</folder>
    <filename>file_270_0_39.027987338983934_-94.57840151645614.jpg</filename>
    <path>C:\Users\Siri\PycharmProjects\Dataset_conversion\Dataset\VOC2007\JPEGImages\file_270_0_39.027987338983934_-94.57840151645614.jpg</path>
    <source>
        <database>Unknown</database>
    </source>
    <size>
        <width>640</width>
        <height>640</height>
        <depth>3</depth>
    </size>
    <segmented>0</segmented>
    <object>
        <name>house</name>
        <pose>Unspecified</pose>
        <truncated>0</truncated>
        <difficult>0</difficult>
        <bndbox>
            <xmin>1.0</xmin>
            <ymin>263.0</ymin>
            <xmax>78.0</xmax>
            <ymax>380.0</ymax>
        </bndbox>
    </object>    <object>
        <name>house</name>
        <pose>Unspecified</pose>
        <truncated>0</truncated>
        <difficult>0</difficult>
        <bndbox>
            <xmin>106.0</xmin>
            <ymin>247.0</ymin>
            <xmax>274.0</xmax>
            <ymax>374.0</ymax>
        </bndbox>
    </object>    <object>
        <name>house</name>
        <pose>Unspecified</pose>
        <truncated>0</truncated>
        <difficult>0</difficult>
        <bndbox>
            <xmin>309.0</xmin>
            <ymin>240.0</ymin>
            <xmax>455.0</xmax>
            <ymax>374.0</ymax>
        </bndbox>
    </object>    <object>
        <name>house</name>
        <pose>Unspecified</pose>
        <truncated>0</truncated>
        <difficult>0</difficult>
        <bndbox>
            <xmin>480.0</xmin>
            <ymin>227.0</ymin>
            <xmax>639.0</xmax>
            <ymax>351.0</ymax>
        </bndbox>
    </object>
</annotation>
