<annotation>
    <folder>JPEGImages</folder>
    <filename>file_270_0_39.03260704659607_-94.57440265753141.jpg</filename>
    <path>C:\Users\Siri\PycharmProjects\Dataset_conversion\Dataset\VOC2007\JPEGImages\file_270_0_39.03260704659607_-94.57440265753141.jpg</path>
    <source>
        <database>Unknown</database>
    </source>
    <size>
        <width>640</width>
        <height>640</height>
        <depth>3</depth>
    </size>
    <segmented>0</segmented>
    <object>
        <name>house</name>
        <pose>Unspecified</pose>
        <truncated>0</truncated>
        <difficult>0</difficult>
        <bndbox>
            <xmin>103.0</xmin>
            <ymin>283.0</ymin>
            <xmax>154.0</xmax>
            <ymax>328.0</ymax>
        </bndbox>
    </object>    <object>
        <name>house</name>
        <pose>Unspecified</pose>
        <truncated>0</truncated>
        <difficult>0</difficult>
        <bndbox>
            <xmin>163.0</xmin>
            <ymin>282.0</ymin>
            <xmax>222.0</xmax>
            <ymax>331.0</ymax>
        </bndbox>
    </object>    <object>
        <name>house</name>
        <pose>Unspecified</pose>
        <truncated>0</truncated>
        <difficult>0</difficult>
        <bndbox>
            <xmin>234.0</xmin>
            <ymin>289.0</ymin>
            <xmax>295.0</xmax>
            <ymax>329.0</ymax>
        </bndbox>
    </object>    <object>
        <name>house</name>
        <pose>Unspecified</pose>
        <truncated>0</truncated>
        <difficult>0</difficult>
        <bndbox>
            <xmin>492.0</xmin>
            <ymin>267.0</ymin>
            <xmax>623.0</xmax>
            <ymax>325.0</ymax>
        </bndbox>
    </object>    <object>
        <name>house</name>
        <pose>Unspecified</pose>
        <truncated>0</truncated>
        <difficult>0</difficult>
        <bndbox>
            <xmin>365.0</xmin>
            <ymin>276.0</ymin>
            <xmax>474.0</xmax>
            <ymax>332.0</ymax>
        </bndbox>
    </object>
</annotation>
