<annotation>
    <folder>JPEGImages</folder>
    <filename>file_225_0_39.02908784267822_-94.57676309559044.jpg</filename>
    <path>C:\Users\Siri\PycharmProjects\Dataset_conversion\Dataset\VOC2007\JPEGImages\file_225_0_39.02908784267822_-94.57676309559044.jpg</path>
    <source>
        <database>Unknown</database>
    </source>
    <size>
        <width>640</width>
        <height>640</height>
        <depth>3</depth>
    </size>
    <segmented>0</segmented>
    <object>
        <name>house</name>
        <pose>Unspecified</pose>
        <truncated>0</truncated>
        <difficult>0</difficult>
        <bndbox>
            <xmin>4.0</xmin>
            <ymin>221.0</ymin>
            <xmax>80.0</xmax>
            <ymax>367.0</ymax>
        </bndbox>
    </object>    <object>
        <name>house</name>
        <pose>Unspecified</pose>
        <truncated>0</truncated>
        <difficult>0</difficult>
        <bndbox>
            <xmin>154.0</xmin>
            <ymin>237.0</ymin>
            <xmax>333.0</xmax>
            <ymax>365.0</ymax>
        </bndbox>
    </object>    <object>
        <name>house</name>
        <pose>Unspecified</pose>
        <truncated>0</truncated>
        <difficult>0</difficult>
        <bndbox>
            <xmin>387.0</xmin>
            <ymin>276.0</ymin>
            <xmax>516.0</xmax>
            <ymax>331.0</ymax>
        </bndbox>
    </object>    <object>
        <name>house</name>
        <pose>Unspecified</pose>
        <truncated>0</truncated>
        <difficult>0</difficult>
        <bndbox>
            <xmin>530.0</xmin>
            <ymin>266.0</ymin>
            <xmax>600.0</xmax>
            <ymax>321.0</ymax>
        </bndbox>
    </object>
</annotation>
