<annotation>
    <folder>JPEGImages</folder>
    <filename>file_180_0_39.027987338983934_-94.57840151645614.jpg</filename>
    <path>C:\Users\Siri\PycharmProjects\Dataset_conversion\Dataset\VOC2007\JPEGImages\file_180_0_39.027987338983934_-94.57840151645614.jpg</path>
    <source>
        <database>Unknown</database>
    </source>
    <size>
        <width>640</width>
        <height>640</height>
        <depth>3</depth>
    </size>
    <segmented>0</segmented>
    <object>
        <name>house</name>
        <pose>Unspecified</pose>
        <truncated>0</truncated>
        <difficult>0</difficult>
        <bndbox>
            <xmin>0.0</xmin>
            <ymin>217.0</ymin>
            <xmax>105.0</xmax>
            <ymax>335.0</ymax>
        </bndbox>
    </object>    <object>
        <name>house</name>
        <pose>Unspecified</pose>
        <truncated>0</truncated>
        <difficult>0</difficult>
        <bndbox>
            <xmin>113.0</xmin>
            <ymin>266.0</ymin>
            <xmax>197.0</xmax>
            <ymax>333.0</ymax>
        </bndbox>
    </object>    <object>
        <name>house</name>
        <pose>Unspecified</pose>
        <truncated>0</truncated>
        <difficult>0</difficult>
        <bndbox>
            <xmin>603.0</xmin>
            <ymin>307.0</ymin>
            <xmax>636.0</xmax>
            <ymax>348.0</ymax>
        </bndbox>
    </object>    <object>
        <name>house</name>
        <pose>Unspecified</pose>
        <truncated>0</truncated>
        <difficult>0</difficult>
        <bndbox>
            <xmin>510.0</xmin>
            <ymin>271.0</ymin>
            <xmax>596.0</xmax>
            <ymax>340.0</ymax>
        </bndbox>
    </object>    <object>
        <name>house</name>
        <pose>Unspecified</pose>
        <truncated>0</truncated>
        <difficult>0</difficult>
        <bndbox>
            <xmin>208.0</xmin>
            <ymin>280.0</ymin>
            <xmax>234.0</xmax>
            <ymax>326.0</ymax>
        </bndbox>
    </object>    <object>
        <name>house</name>
        <pose>Unspecified</pose>
        <truncated>0</truncated>
        <difficult>0</difficult>
        <bndbox>
            <xmin>383.0</xmin>
            <ymin>287.0</ymin>
            <xmax>438.0</xmax>
            <ymax>327.0</ymax>
        </bndbox>
    </object>    <object>
        <name>house</name>
        <pose>Unspecified</pose>
        <truncated>0</truncated>
        <difficult>0</difficult>
        <bndbox>
            <xmin>242.0</xmin>
            <ymin>294.0</ymin>
            <xmax>267.0</xmax>
            <ymax>326.0</ymax>
        </bndbox>
    </object>
</annotation>
