<annotation>
    <folder>JPEGImages</folder>
    <filename>file_225_0_39.02906454690996_-94.57555635847363.jpg</filename>
    <path>C:\Users\Siri\PycharmProjects\Dataset_conversion\Dataset\VOC2007\JPEGImages\file_225_0_39.02906454690996_-94.57555635847363.jpg</path>
    <source>
        <database>Unknown</database>
    </source>
    <size>
        <width>640</width>
        <height>640</height>
        <depth>3</depth>
    </size>
    <segmented>0</segmented>
    <object>
        <name>house</name>
        <pose>Unspecified</pose>
        <truncated>0</truncated>
        <difficult>0</difficult>
        <bndbox>
            <xmin>5.0</xmin>
            <ymin>241.0</ymin>
            <xmax>86.0</xmax>
            <ymax>337.0</ymax>
        </bndbox>
    </object>    <object>
        <name>house</name>
        <pose>Unspecified</pose>
        <truncated>0</truncated>
        <difficult>0</difficult>
        <bndbox>
            <xmin>95.0</xmin>
            <ymin>255.0</ymin>
            <xmax>140.0</xmax>
            <ymax>336.0</ymax>
        </bndbox>
    </object>    <object>
        <name>house</name>
        <pose>Unspecified</pose>
        <truncated>0</truncated>
        <difficult>0</difficult>
        <bndbox>
            <xmin>145.0</xmin>
            <ymin>140.0</ymin>
            <xmax>401.0</xmax>
            <ymax>335.0</ymax>
        </bndbox>
    </object>    <object>
        <name>house</name>
        <pose>Unspecified</pose>
        <truncated>0</truncated>
        <difficult>0</difficult>
        <bndbox>
            <xmin>450.0</xmin>
            <ymin>270.0</ymin>
            <xmax>555.0</xmax>
            <ymax>331.0</ymax>
        </bndbox>
    </object>    <object>
        <name>house</name>
        <pose>Unspecified</pose>
        <truncated>0</truncated>
        <difficult>0</difficult>
        <bndbox>
            <xmin>416.0</xmin>
            <ymin>276.0</ymin>
            <xmax>441.0</xmax>
            <ymax>331.0</ymax>
        </bndbox>
    </object>
</annotation>
