<annotation>
    <folder>JPEGImages</folder>
    <filename>file_225_0_39.02898891050466_-94.5770166241059.jpg</filename>
    <path>C:\Users\Siri\PycharmProjects\Dataset_conversion\Dataset\VOC2007\JPEGImages\file_225_0_39.02898891050466_-94.5770166241059.jpg</path>
    <source>
        <database>Unknown</database>
    </source>
    <size>
        <width>640</width>
        <height>640</height>
        <depth>3</depth>
    </size>
    <segmented>0</segmented>
    <object>
        <name>house</name>
        <pose>Unspecified</pose>
        <truncated>0</truncated>
        <difficult>0</difficult>
        <bndbox>
            <xmin>379.0</xmin>
            <ymin>258.0</ymin>
            <xmax>640.0</xmax>
            <ymax>376.0</ymax>
        </bndbox>
    </object>    <object>
        <name>house</name>
        <pose>Unspecified</pose>
        <truncated>0</truncated>
        <difficult>0</difficult>
        <bndbox>
            <xmin>156.0</xmin>
            <ymin>285.0</ymin>
            <xmax>338.0</xmax>
            <ymax>354.0</ymax>
        </bndbox>
    </object>
</annotation>
