<annotation>
    <folder>JPEGImages</folder>
    <filename>file_180_0_39.032670349167034_-94.57545119925159.jpg</filename>
    <path>C:\Users\Siri\PycharmProjects\Dataset_conversion\Dataset\VOC2007\JPEGImages\file_180_0_39.032670349167034_-94.57545119925159.jpg</path>
    <source>
        <database>Unknown</database>
    </source>
    <size>
        <width>640</width>
        <height>640</height>
        <depth>3</depth>
    </size>
    <segmented>0</segmented>
    <object>
        <name>house</name>
        <pose>Unspecified</pose>
        <truncated>0</truncated>
        <difficult>0</difficult>
        <bndbox>
            <xmin>154.0</xmin>
            <ymin>144.0</ymin>
            <xmax>453.0</xmax>
            <ymax>354.0</ymax>
        </bndbox>
    </object>    <object>
        <name>house</name>
        <pose>Unspecified</pose>
        <truncated>0</truncated>
        <difficult>0</difficult>
        <bndbox>
            <xmin>515.0</xmin>
            <ymin>271.0</ymin>
            <xmax>632.0</xmax>
            <ymax>340.0</ymax>
        </bndbox>
    </object>
</annotation>
