<annotation>
    <folder>JPEGImages</folder>
    <filename>file_180_0_39.03264453459452_-94.5749797664935.jpg</filename>
    <path>C:\Users\Siri\PycharmProjects\Dataset_conversion\Dataset\VOC2007\JPEGImages\file_180_0_39.03264453459452_-94.5749797664935.jpg</path>
    <source>
        <database>Unknown</database>
    </source>
    <size>
        <width>640</width>
        <height>640</height>
        <depth>3</depth>
    </size>
    <segmented>0</segmented>
    <object>
        <name>house</name>
        <pose>Unspecified</pose>
        <truncated>0</truncated>
        <difficult>0</difficult>
        <bndbox>
            <xmin>525.0</xmin>
            <ymin>236.0</ymin>
            <xmax>636.0</xmax>
            <ymax>354.0</ymax>
        </bndbox>
    </object>    <object>
        <name>house</name>
        <pose>Unspecified</pose>
        <truncated>0</truncated>
        <difficult>0</difficult>
        <bndbox>
            <xmin>428.0</xmin>
            <ymin>266.0</ymin>
            <xmax>510.0</xmax>
            <ymax>340.0</ymax>
        </bndbox>
    </object>    <object>
        <name>house</name>
        <pose>Unspecified</pose>
        <truncated>0</truncated>
        <difficult>0</difficult>
        <bndbox>
            <xmin>296.0</xmin>
            <ymin>257.0</ymin>
            <xmax>392.0</xmax>
            <ymax>320.0</ymax>
        </bndbox>
    </object>
</annotation>
