<annotation>
    <folder>JPEGImages</folder>
    <filename>file_180_0_39.03153938114434_-94.57819067582983.jpg</filename>
    <path>C:\Users\Siri\PycharmProjects\Dataset_conversion\Dataset\VOC2007\JPEGImages\file_180_0_39.03153938114434_-94.57819067582983.jpg</path>
    <source>
        <database>Unknown</database>
    </source>
    <size>
        <width>640</width>
        <height>640</height>
        <depth>3</depth>
    </size>
    <segmented>0</segmented>
    <object>
        <name>house</name>
        <pose>Unspecified</pose>
        <truncated>0</truncated>
        <difficult>0</difficult>
        <bndbox>
            <xmin>3.0</xmin>
            <ymin>258.0</ymin>
            <xmax>64.0</xmax>
            <ymax>309.0</ymax>
        </bndbox>
    </object>    <object>
        <name>house</name>
        <pose>Unspecified</pose>
        <truncated>0</truncated>
        <difficult>0</difficult>
        <bndbox>
            <xmin>425.0</xmin>
            <ymin>255.0</ymin>
            <xmax>531.0</xmax>
            <ymax>337.0</ymax>
        </bndbox>
    </object>    <object>
        <name>house</name>
        <pose>Unspecified</pose>
        <truncated>0</truncated>
        <difficult>0</difficult>
        <bndbox>
            <xmin>192.0</xmin>
            <ymin>266.0</ymin>
            <xmax>283.0</xmax>
            <ymax>320.0</ymax>
        </bndbox>
    </object>    <object>
        <name>house</name>
        <pose>Unspecified</pose>
        <truncated>0</truncated>
        <difficult>0</difficult>
        <bndbox>
            <xmin>78.0</xmin>
            <ymin>276.0</ymin>
            <xmax>134.0</xmax>
            <ymax>313.0</ymax>
        </bndbox>
    </object>
</annotation>
