<annotation>
    <folder>JPEGImages</folder>
    <filename>file_225_0_39.02764293949785_-94.578424277987.jpg</filename>
    <path>C:\Users\Siri\PycharmProjects\Dataset_conversion\Dataset\VOC2007\JPEGImages\file_225_0_39.02764293949785_-94.578424277987.jpg</path>
    <source>
        <database>Unknown</database>
    </source>
    <size>
        <width>640</width>
        <height>640</height>
        <depth>3</depth>
    </size>
    <segmented>0</segmented>
    <object>
        <name>house</name>
        <pose>Unspecified</pose>
        <truncated>0</truncated>
        <difficult>0</difficult>
        <bndbox>
            <xmin>108.0</xmin>
            <ymin>254.0</ymin>
            <xmax>262.0</xmax>
            <ymax>342.0</ymax>
        </bndbox>
    </object>    <object>
        <name>house</name>
        <pose>Unspecified</pose>
        <truncated>0</truncated>
        <difficult>0</difficult>
        <bndbox>
            <xmin>548.0</xmin>
            <ymin>257.0</ymin>
            <xmax>639.0</xmax>
            <ymax>385.0</ymax>
        </bndbox>
    </object>    <object>
        <name>house</name>
        <pose>Unspecified</pose>
        <truncated>0</truncated>
        <difficult>0</difficult>
        <bndbox>
            <xmin>274.0</xmin>
            <ymin>264.0</ymin>
            <xmax>368.0</xmax>
            <ymax>324.0</ymax>
        </bndbox>
    </object>
</annotation>
