<annotation>
    <folder>JPEGImages</folder>
    <filename>file_135_0_39.032682641820614_-94.57567569104116.jpg</filename>
    <path>C:\Users\Siri\PycharmProjects\Dataset_conversion\Dataset\VOC2007\JPEGImages\file_135_0_39.032682641820614_-94.57567569104116.jpg</path>
    <source>
        <database>Unknown</database>
    </source>
    <size>
        <width>640</width>
        <height>640</height>
        <depth>3</depth>
    </size>
    <segmented>0</segmented>
    <object>
        <name>house</name>
        <pose>Unspecified</pose>
        <truncated>0</truncated>
        <difficult>0</difficult>
        <bndbox>
            <xmin>239.0</xmin>
            <ymin>196.0</ymin>
            <xmax>470.0</xmax>
            <ymax>330.0</ymax>
        </bndbox>
    </object>    <object>
        <name>house</name>
        <pose>Unspecified</pose>
        <truncated>0</truncated>
        <difficult>0</difficult>
        <bndbox>
            <xmin>481.0</xmin>
            <ymin>254.0</ymin>
            <xmax>535.0</xmax>
            <ymax>324.0</ymax>
        </bndbox>
    </object>    <object>
        <name>house</name>
        <pose>Unspecified</pose>
        <truncated>0</truncated>
        <difficult>0</difficult>
        <bndbox>
            <xmin>549.0</xmin>
            <ymin>271.0</ymin>
            <xmax>587.0</xmax>
            <ymax>326.0</ymax>
        </bndbox>
    </object>    <object>
        <name>house</name>
        <pose>Unspecified</pose>
        <truncated>0</truncated>
        <difficult>0</difficult>
        <bndbox>
            <xmin>596.0</xmin>
            <ymin>285.0</ymin>
            <xmax>631.0</xmax>
            <ymax>323.0</ymax>
        </bndbox>
    </object>
</annotation>
