<annotation>
    <folder>JPEGImages</folder>
    <filename>file_225_0_39.028085857798665_-94.57706684833884.jpg</filename>
    <path>C:\Users\Siri\PycharmProjects\Dataset_conversion\Dataset\VOC2007\JPEGImages\file_225_0_39.028085857798665_-94.57706684833884.jpg</path>
    <source>
        <database>Unknown</database>
    </source>
    <size>
        <width>640</width>
        <height>640</height>
        <depth>3</depth>
    </size>
    <segmented>0</segmented>
    <object>
        <name>house</name>
        <pose>Unspecified</pose>
        <truncated>0</truncated>
        <difficult>0</difficult>
        <bndbox>
            <xmin>401.0</xmin>
            <ymin>251.0</ymin>
            <xmax>623.0</xmax>
            <ymax>400.0</ymax>
        </bndbox>
    </object>    <object>
        <name>house</name>
        <pose>Unspecified</pose>
        <truncated>0</truncated>
        <difficult>0</difficult>
        <bndbox>
            <xmin>259.0</xmin>
            <ymin>255.0</ymin>
            <xmax>393.0</xmax>
            <ymax>370.0</ymax>
        </bndbox>
    </object>    <object>
        <name>house</name>
        <pose>Unspecified</pose>
        <truncated>0</truncated>
        <difficult>0</difficult>
        <bndbox>
            <xmin>206.0</xmin>
            <ymin>276.0</ymin>
            <xmax>252.0</xmax>
            <ymax>361.0</ymax>
        </bndbox>
    </object>    <object>
        <name>house</name>
        <pose>Unspecified</pose>
        <truncated>0</truncated>
        <difficult>0</difficult>
        <bndbox>
            <xmin>154.0</xmin>
            <ymin>300.0</ymin>
            <xmax>197.0</xmax>
            <ymax>354.0</ymax>
        </bndbox>
    </object>
</annotation>
