<annotation>
    <folder>JPEGImages</folder>
    <filename>file_225_0_39.02765560338211_-94.57707316184549.jpg</filename>
    <path>C:\Users\Siri\PycharmProjects\Dataset_conversion\Dataset\VOC2007\JPEGImages\file_225_0_39.02765560338211_-94.57707316184549.jpg</path>
    <source>
        <database>Unknown</database>
    </source>
    <size>
        <width>640</width>
        <height>640</height>
        <depth>3</depth>
    </size>
    <segmented>0</segmented>
    <object>
        <name>house</name>
        <pose>Unspecified</pose>
        <truncated>0</truncated>
        <difficult>0</difficult>
        <bndbox>
            <xmin>372.0</xmin>
            <ymin>185.0</ymin>
            <xmax>630.0</xmax>
            <ymax>359.0</ymax>
        </bndbox>
    </object>    <object>
        <name>house</name>
        <pose>Unspecified</pose>
        <truncated>0</truncated>
        <difficult>0</difficult>
        <bndbox>
            <xmin>224.0</xmin>
            <ymin>228.0</ymin>
            <xmax>336.0</xmax>
            <ymax>348.0</ymax>
        </bndbox>
    </object>    <object>
        <name>house</name>
        <pose>Unspecified</pose>
        <truncated>0</truncated>
        <difficult>0</difficult>
        <bndbox>
            <xmin>3.0</xmin>
            <ymin>287.0</ymin>
            <xmax>38.0</xmax>
            <ymax>348.0</ymax>
        </bndbox>
    </object>
</annotation>
