<annotation>
    <folder>JPEGImages</folder>
    <filename>file_180_0_39.02788321844202_-94.57707796602277.jpg</filename>
    <path>C:\Users\Siri\PycharmProjects\Dataset_conversion\Dataset\VOC2007\JPEGImages\file_180_0_39.02788321844202_-94.57707796602277.jpg</path>
    <source>
        <database>Unknown</database>
    </source>
    <size>
        <width>640</width>
        <height>640</height>
        <depth>3</depth>
    </size>
    <segmented>0</segmented>
    <object>
        <name>house</name>
        <pose>Unspecified</pose>
        <truncated>0</truncated>
        <difficult>0</difficult>
        <bndbox>
            <xmin>1.0</xmin>
            <ymin>204.0</ymin>
            <xmax>178.0</xmax>
            <ymax>344.0</ymax>
        </bndbox>
    </object>    <object>
        <name>house</name>
        <pose>Unspecified</pose>
        <truncated>0</truncated>
        <difficult>0</difficult>
        <bndbox>
            <xmin>567.0</xmin>
            <ymin>273.0</ymin>
            <xmax>635.0</xmax>
            <ymax>364.0</ymax>
        </bndbox>
    </object>    <object>
        <name>house</name>
        <pose>Unspecified</pose>
        <truncated>0</truncated>
        <difficult>0</difficult>
        <bndbox>
            <xmin>488.0</xmin>
            <ymin>241.0</ymin>
            <xmax>614.0</xmax>
            <ymax>346.0</ymax>
        </bndbox>
    </object>    <object>
        <name>house</name>
        <pose>Unspecified</pose>
        <truncated>0</truncated>
        <difficult>0</difficult>
        <bndbox>
            <xmin>431.0</xmin>
            <ymin>267.0</ymin>
            <xmax>475.0</xmax>
            <ymax>338.0</ymax>
        </bndbox>
    </object>    <object>
        <name>house</name>
        <pose>Unspecified</pose>
        <truncated>0</truncated>
        <difficult>0</difficult>
        <bndbox>
            <xmin>193.0</xmin>
            <ymin>259.0</ymin>
            <xmax>265.0</xmax>
            <ymax>338.0</ymax>
        </bndbox>
    </object>    <object>
        <name>house</name>
        <pose>Unspecified</pose>
        <truncated>0</truncated>
        <difficult>0</difficult>
        <bndbox>
            <xmin>280.0</xmin>
            <ymin>291.0</ymin>
            <xmax>326.0</xmax>
            <ymax>332.0</ymax>
        </bndbox>
    </object>
</annotation>
