<annotation>
    <folder>JPEGImages</folder>
    <filename>file_270_0_39.0309203890871_-94.57793252154876.jpg</filename>
    <path>C:\Users\Siri\PycharmProjects\Dataset_conversion\Dataset\VOC2007\JPEGImages\file_270_0_39.0309203890871_-94.57793252154876.jpg</path>
    <source>
        <database>Unknown</database>
    </source>
    <size>
        <width>640</width>
        <height>640</height>
        <depth>3</depth>
    </size>
    <segmented>0</segmented>
    <object>
        <name>house</name>
        <pose>Unspecified</pose>
        <truncated>0</truncated>
        <difficult>0</difficult>
        <bndbox>
            <xmin>56.0</xmin>
            <ymin>246.0</ymin>
            <xmax>141.0</xmax>
            <ymax>303.0</ymax>
        </bndbox>
    </object>    <object>
        <name>house</name>
        <pose>Unspecified</pose>
        <truncated>0</truncated>
        <difficult>0</difficult>
        <bndbox>
            <xmin>454.0</xmin>
            <ymin>269.0</ymin>
            <xmax>637.0</xmax>
            <ymax>326.0</ymax>
        </bndbox>
    </object>
</annotation>
