<annotation>
    <folder>JPEGImages</folder>
    <filename>file_225_0_39.027269152163015_-94.57776475752001.jpg</filename>
    <path>C:\Users\Siri\PycharmProjects\Dataset_conversion\Dataset\VOC2007\JPEGImages\file_225_0_39.027269152163015_-94.57776475752001.jpg</path>
    <source>
        <database>Unknown</database>
    </source>
    <size>
        <width>640</width>
        <height>640</height>
        <depth>3</depth>
    </size>
    <segmented>0</segmented>
    <object>
        <name>house</name>
        <pose>Unspecified</pose>
        <truncated>0</truncated>
        <difficult>0</difficult>
        <bndbox>
            <xmin>288.0</xmin>
            <ymin>254.0</ymin>
            <xmax>468.0</xmax>
            <ymax>379.0</ymax>
        </bndbox>
    </object>    <object>
        <name>house</name>
        <pose>Unspecified</pose>
        <truncated>0</truncated>
        <difficult>0</difficult>
        <bndbox>
            <xmin>475.0</xmin>
            <ymin>284.0</ymin>
            <xmax>544.0</xmax>
            <ymax>351.0</ymax>
        </bndbox>
    </object>    <object>
        <name>house</name>
        <pose>Unspecified</pose>
        <truncated>0</truncated>
        <difficult>0</difficult>
        <bndbox>
            <xmin>216.0</xmin>
            <ymin>277.0</ymin>
            <xmax>279.0</xmax>
            <ymax>356.0</ymax>
        </bndbox>
    </object>
</annotation>
