<annotation>
    <folder>JPEGImages</folder>
    <filename>file_225_0_39.029060106147405_-94.57701521723298.jpg</filename>
    <path>C:\Users\Siri\PycharmProjects\Dataset_conversion\Dataset\VOC2007\JPEGImages\file_225_0_39.029060106147405_-94.57701521723298.jpg</path>
    <source>
        <database>Unknown</database>
    </source>
    <size>
        <width>640</width>
        <height>640</height>
        <depth>3</depth>
    </size>
    <segmented>0</segmented>
    <object>
        <name>house</name>
        <pose>Unspecified</pose>
        <truncated>0</truncated>
        <difficult>0</difficult>
        <bndbox>
            <xmin>126.0</xmin>
            <ymin>282.0</ymin>
            <xmax>191.0</xmax>
            <ymax>357.0</ymax>
        </bndbox>
    </object>    <object>
        <name>house</name>
        <pose>Unspecified</pose>
        <truncated>0</truncated>
        <difficult>0</difficult>
        <bndbox>
            <xmin>268.0</xmin>
            <ymin>267.0</ymin>
            <xmax>481.0</xmax>
            <ymax>369.0</ymax>
        </bndbox>
    </object>    <object>
        <name>house</name>
        <pose>Unspecified</pose>
        <truncated>0</truncated>
        <difficult>0</difficult>
        <bndbox>
            <xmin>495.0</xmin>
            <ymin>276.0</ymin>
            <xmax>579.0</xmax>
            <ymax>349.0</ymax>
        </bndbox>
    </object>
</annotation>
