<annotation>
    <folder>JPEGImages</folder>
    <filename>file_180_0_39.02730584377428_-94.57843069260025.jpg</filename>
    <path>C:\Users\Siri\PycharmProjects\Dataset_conversion\Dataset\VOC2007\JPEGImages\file_180_0_39.02730584377428_-94.57843069260025.jpg</path>
    <source>
        <database>Unknown</database>
    </source>
    <size>
        <width>640</width>
        <height>640</height>
        <depth>3</depth>
    </size>
    <segmented>0</segmented>
    <object>
        <name>house</name>
        <pose>Unspecified</pose>
        <truncated>0</truncated>
        <difficult>0</difficult>
        <bndbox>
            <xmin>0.0</xmin>
            <ymin>210.0</ymin>
            <xmax>68.0</xmax>
            <ymax>340.0</ymax>
        </bndbox>
    </object>    <object>
        <name>house</name>
        <pose>Unspecified</pose>
        <truncated>0</truncated>
        <difficult>0</difficult>
        <bndbox>
            <xmin>79.0</xmin>
            <ymin>238.0</ymin>
            <xmax>187.0</xmax>
            <ymax>338.0</ymax>
        </bndbox>
    </object>    <object>
        <name>house</name>
        <pose>Unspecified</pose>
        <truncated>0</truncated>
        <difficult>0</difficult>
        <bndbox>
            <xmin>199.0</xmin>
            <ymin>277.0</ymin>
            <xmax>229.0</xmax>
            <ymax>332.0</ymax>
        </bndbox>
    </object>    <object>
        <name>house</name>
        <pose>Unspecified</pose>
        <truncated>0</truncated>
        <difficult>0</difficult>
        <bndbox>
            <xmin>249.0</xmin>
            <ymin>297.0</ymin>
            <xmax>280.0</xmax>
            <ymax>332.0</ymax>
        </bndbox>
    </object>    <object>
        <name>house</name>
        <pose>Unspecified</pose>
        <truncated>0</truncated>
        <difficult>0</difficult>
        <bndbox>
            <xmin>581.0</xmin>
            <ymin>239.0</ymin>
            <xmax>634.0</xmax>
            <ymax>327.0</ymax>
        </bndbox>
    </object>    <object>
        <name>house</name>
        <pose>Unspecified</pose>
        <truncated>0</truncated>
        <difficult>0</difficult>
        <bndbox>
            <xmin>516.0</xmin>
            <ymin>268.0</ymin>
            <xmax>562.0</xmax>
            <ymax>335.0</ymax>
        </bndbox>
    </object>    <object>
        <name>house</name>
        <pose>Unspecified</pose>
        <truncated>0</truncated>
        <difficult>0</difficult>
        <bndbox>
            <xmin>482.0</xmin>
            <ymin>282.0</ymin>
            <xmax>505.0</xmax>
            <ymax>332.0</ymax>
        </bndbox>
    </object>    <object>
        <name>house</name>
        <pose>Unspecified</pose>
        <truncated>0</truncated>
        <difficult>0</difficult>
        <bndbox>
            <xmin>444.0</xmin>
            <ymin>291.0</ymin>
            <xmax>472.0</xmax>
            <ymax>332.0</ymax>
        </bndbox>
    </object>    <object>
        <name>house</name>
        <pose>Unspecified</pose>
        <truncated>0</truncated>
        <difficult>0</difficult>
        <bndbox>
            <xmin>402.0</xmin>
            <ymin>298.0</ymin>
            <xmax>430.0</xmax>
            <ymax>332.0</ymax>
        </bndbox>
    </object>
</annotation>
