<annotation>
    <folder>JPEGImages</folder>
    <filename>file_225_0_39.02726353224995_-94.57790181387422.jpg</filename>
    <path>C:\Users\Siri\PycharmProjects\Dataset_conversion\Dataset\VOC2007\JPEGImages\file_225_0_39.02726353224995_-94.57790181387422.jpg</path>
    <source>
        <database>Unknown</database>
    </source>
    <size>
        <width>640</width>
        <height>640</height>
        <depth>3</depth>
    </size>
    <segmented>0</segmented>
    <object>
        <name>house</name>
        <pose>Unspecified</pose>
        <truncated>0</truncated>
        <difficult>0</difficult>
        <bndbox>
            <xmin>259.0</xmin>
            <ymin>240.0</ymin>
            <xmax>415.0</xmax>
            <ymax>376.0</ymax>
        </bndbox>
    </object>    <object>
        <name>house</name>
        <pose>Unspecified</pose>
        <truncated>0</truncated>
        <difficult>0</difficult>
        <bndbox>
            <xmin>422.0</xmin>
            <ymin>263.0</ymin>
            <xmax>519.0</xmax>
            <ymax>350.0</ymax>
        </bndbox>
    </object>    <object>
        <name>house</name>
        <pose>Unspecified</pose>
        <truncated>0</truncated>
        <difficult>0</difficult>
        <bndbox>
            <xmin>214.0</xmin>
            <ymin>260.0</ymin>
            <xmax>251.0</xmax>
            <ymax>353.0</ymax>
        </bndbox>
    </object>    <object>
        <name>house</name>
        <pose>Unspecified</pose>
        <truncated>0</truncated>
        <difficult>0</difficult>
        <bndbox>
            <xmin>135.0</xmin>
            <ymin>273.0</ymin>
            <xmax>205.0</xmax>
            <ymax>343.0</ymax>
        </bndbox>
    </object>
</annotation>
