<annotation>
    <folder>JPEGImages</folder>
    <filename>file_270_0_39.02865833914834_-94.57835354020699.jpg</filename>
    <path>C:\Users\Siri\PycharmProjects\Dataset_conversion\Dataset\VOC2007\JPEGImages\file_270_0_39.02865833914834_-94.57835354020699.jpg</path>
    <source>
        <database>Unknown</database>
    </source>
    <size>
        <width>640</width>
        <height>640</height>
        <depth>3</depth>
    </size>
    <segmented>0</segmented>
    <object>
        <name>house</name>
        <pose>Unspecified</pose>
        <truncated>0</truncated>
        <difficult>0</difficult>
        <bndbox>
            <xmin>89.0</xmin>
            <ymin>258.0</ymin>
            <xmax>232.0</xmax>
            <ymax>350.0</ymax>
        </bndbox>
    </object>    <object>
        <name>house</name>
        <pose>Unspecified</pose>
        <truncated>0</truncated>
        <difficult>0</difficult>
        <bndbox>
            <xmin>266.0</xmin>
            <ymin>221.0</ymin>
            <xmax>464.0</xmax>
            <ymax>349.0</ymax>
        </bndbox>
    </object>    <object>
        <name>house</name>
        <pose>Unspecified</pose>
        <truncated>0</truncated>
        <difficult>0</difficult>
        <bndbox>
            <xmin>477.0</xmin>
            <ymin>217.0</ymin>
            <xmax>636.0</xmax>
            <ymax>346.0</ymax>
        </bndbox>
    </object>
</annotation>
