<annotation>
    <folder>JPEGImages</folder>
    <filename>file_225_0_39.03258134218434_-94.57383705048258.jpg</filename>
    <path>C:\Users\Siri\PycharmProjects\Dataset_conversion\Dataset\VOC2007\JPEGImages\file_225_0_39.03258134218434_-94.57383705048258.jpg</path>
    <source>
        <database>Unknown</database>
    </source>
    <size>
        <width>640</width>
        <height>640</height>
        <depth>3</depth>
    </size>
    <segmented>0</segmented>
    <object>
        <name>house</name>
        <pose>Unspecified</pose>
        <truncated>0</truncated>
        <difficult>0</difficult>
        <bndbox>
            <xmin>555.0</xmin>
            <ymin>272.0</ymin>
            <xmax>633.0</xmax>
            <ymax>315.0</ymax>
        </bndbox>
    </object>
</annotation>
