<annotation>
    <folder>JPEGImages</folder>
    <filename>file_180_0_39.032639617533086_-94.57488996977767.jpg</filename>
    <path>C:\Users\Siri\PycharmProjects\Dataset_conversion\Dataset\VOC2007\JPEGImages\file_180_0_39.032639617533086_-94.57488996977767.jpg</path>
    <source>
        <database>Unknown</database>
    </source>
    <size>
        <width>640</width>
        <height>640</height>
        <depth>3</depth>
    </size>
    <segmented>0</segmented>
    <object>
        <name>house</name>
        <pose>Unspecified</pose>
        <truncated>0</truncated>
        <difficult>0</difficult>
        <bndbox>
            <xmin>329.0</xmin>
            <ymin>281.0</ymin>
            <xmax>403.0</xmax>
            <ymax>315.0</ymax>
        </bndbox>
    </object>    <object>
        <name>house</name>
        <pose>Unspecified</pose>
        <truncated>0</truncated>
        <difficult>0</difficult>
        <bndbox>
            <xmin>446.0</xmin>
            <ymin>271.0</ymin>
            <xmax>529.0</xmax>
            <ymax>323.0</ymax>
        </bndbox>
    </object>    <object>
        <name>house</name>
        <pose>Unspecified</pose>
        <truncated>0</truncated>
        <difficult>0</difficult>
        <bndbox>
            <xmin>543.0</xmin>
            <ymin>267.0</ymin>
            <xmax>616.0</xmax>
            <ymax>322.0</ymax>
        </bndbox>
    </object>
</annotation>
