<annotation>
    <folder>JPEGImages</folder>
    <filename>file_180_0_39.03208228673891_-94.57815959750505.jpg</filename>
    <path>C:\Users\Siri\PycharmProjects\Dataset_conversion\Dataset\VOC2007\JPEGImages\file_180_0_39.03208228673891_-94.57815959750505.jpg</path>
    <source>
        <database>Unknown</database>
    </source>
    <size>
        <width>640</width>
        <height>640</height>
        <depth>3</depth>
    </size>
    <segmented>0</segmented>
    <object>
        <name>house</name>
        <pose>Unspecified</pose>
        <truncated>0</truncated>
        <difficult>0</difficult>
        <bndbox>
            <xmin>6.0</xmin>
            <ymin>210.0</ymin>
            <xmax>66.0</xmax>
            <ymax>297.0</ymax>
        </bndbox>
    </object>    <object>
        <name>house</name>
        <pose>Unspecified</pose>
        <truncated>0</truncated>
        <difficult>0</difficult>
        <bndbox>
            <xmin>407.0</xmin>
            <ymin>254.0</ymin>
            <xmax>471.0</xmax>
            <ymax>307.0</ymax>
        </bndbox>
    </object>    <object>
        <name>house</name>
        <pose>Unspecified</pose>
        <truncated>0</truncated>
        <difficult>0</difficult>
        <bndbox>
            <xmin>540.0</xmin>
            <ymin>242.0</ymin>
            <xmax>637.0</xmax>
            <ymax>320.0</ymax>
        </bndbox>
    </object>
</annotation>
