<annotation>
    <folder>JPEGImages</folder>
    <filename>file_135_0_39.031250099591546_-94.57820921818126.jpg</filename>
    <path>C:\Users\Siri\PycharmProjects\Dataset_conversion\Dataset\VOC2007\JPEGImages\file_135_0_39.031250099591546_-94.57820921818126.jpg</path>
    <source>
        <database>Unknown</database>
    </source>
    <size>
        <width>640</width>
        <height>640</height>
        <depth>3</depth>
    </size>
    <segmented>0</segmented>
    <object>
        <name>house</name>
        <pose>Unspecified</pose>
        <truncated>0</truncated>
        <difficult>0</difficult>
        <bndbox>
            <xmin>247.0</xmin>
            <ymin>279.0</ymin>
            <xmax>303.0</xmax>
            <ymax>310.0</ymax>
        </bndbox>
    </object>    <object>
        <name>house</name>
        <pose>Unspecified</pose>
        <truncated>0</truncated>
        <difficult>0</difficult>
        <bndbox>
            <xmin>375.0</xmin>
            <ymin>269.0</ymin>
            <xmax>537.0</xmax>
            <ymax>311.0</ymax>
        </bndbox>
    </object>    <object>
        <name>house</name>
        <pose>Unspecified</pose>
        <truncated>0</truncated>
        <difficult>0</difficult>
        <bndbox>
            <xmin>153.0</xmin>
            <ymin>289.0</ymin>
            <xmax>236.0</xmax>
            <ymax>313.0</ymax>
        </bndbox>
    </object>
</annotation>
