<annotation>
    <folder>JPEGImages</folder>
    <filename>file_225_0_39.03091144537018_-94.57734715817146.jpg</filename>
    <path>C:\Users\Siri\PycharmProjects\Dataset_conversion\Dataset\VOC2007\JPEGImages\file_225_0_39.03091144537018_-94.57734715817146.jpg</path>
    <source>
        <database>Unknown</database>
    </source>
    <size>
        <width>640</width>
        <height>640</height>
        <depth>3</depth>
    </size>
    <segmented>0</segmented>
    <object>
        <name>house</name>
        <pose>Unspecified</pose>
        <truncated>0</truncated>
        <difficult>0</difficult>
        <bndbox>
            <xmin>3.0</xmin>
            <ymin>8.0</ymin>
            <xmax>333.0</xmax>
            <ymax>348.0</ymax>
        </bndbox>
    </object>    <object>
        <name>house</name>
        <pose>Unspecified</pose>
        <truncated>0</truncated>
        <difficult>0</difficult>
        <bndbox>
            <xmin>346.0</xmin>
            <ymin>234.0</ymin>
            <xmax>460.0</xmax>
            <ymax>334.0</ymax>
        </bndbox>
    </object>    <object>
        <name>house</name>
        <pose>Unspecified</pose>
        <truncated>0</truncated>
        <difficult>0</difficult>
        <bndbox>
            <xmin>599.0</xmin>
            <ymin>299.0</ymin>
            <xmax>633.0</xmax>
            <ymax>329.0</ymax>
        </bndbox>
    </object>    <object>
        <name>house</name>
        <pose>Unspecified</pose>
        <truncated>0</truncated>
        <difficult>0</difficult>
        <bndbox>
            <xmin>478.0</xmin>
            <ymin>262.0</ymin>
            <xmax>549.0</xmax>
            <ymax>330.0</ymax>
        </bndbox>
    </object>
</annotation>
