<annotation>
    <folder>JPEGImages</folder>
    <filename>file_180_0_39.02731418079224_-94.57706595557957.jpg</filename>
    <path>C:\Users\Siri\PycharmProjects\Dataset_conversion\Dataset\VOC2007\JPEGImages\file_180_0_39.02731418079224_-94.57706595557957.jpg</path>
    <source>
        <database>Unknown</database>
    </source>
    <size>
        <width>640</width>
        <height>640</height>
        <depth>3</depth>
    </size>
    <segmented>0</segmented>
    <object>
        <name>house</name>
        <pose>Unspecified</pose>
        <truncated>0</truncated>
        <difficult>0</difficult>
        <bndbox>
            <xmin>10.0</xmin>
            <ymin>213.0</ymin>
            <xmax>312.0</xmax>
            <ymax>394.0</ymax>
        </bndbox>
    </object>    <object>
        <name>house</name>
        <pose>Unspecified</pose>
        <truncated>0</truncated>
        <difficult>0</difficult>
        <bndbox>
            <xmin>322.0</xmin>
            <ymin>276.0</ymin>
            <xmax>359.0</xmax>
            <ymax>389.0</ymax>
        </bndbox>
    </object>    <object>
        <name>house</name>
        <pose>Unspecified</pose>
        <truncated>0</truncated>
        <difficult>0</difficult>
        <bndbox>
            <xmin>577.0</xmin>
            <ymin>291.0</ymin>
            <xmax>633.0</xmax>
            <ymax>357.0</ymax>
        </bndbox>
    </object>    <object>
        <name>house</name>
        <pose>Unspecified</pose>
        <truncated>0</truncated>
        <difficult>0</difficult>
        <bndbox>
            <xmin>531.0</xmin>
            <ymin>296.0</ymin>
            <xmax>564.0</xmax>
            <ymax>355.0</ymax>
        </bndbox>
    </object>    <object>
        <name>house</name>
        <pose>Unspecified</pose>
        <truncated>0</truncated>
        <difficult>0</difficult>
        <bndbox>
            <xmin>495.0</xmin>
            <ymin>300.0</ymin>
            <xmax>519.0</xmax>
            <ymax>351.0</ymax>
        </bndbox>
    </object>    <object>
        <name>house</name>
        <pose>Unspecified</pose>
        <truncated>0</truncated>
        <difficult>0</difficult>
        <bndbox>
            <xmin>450.0</xmin>
            <ymin>302.0</ymin>
            <xmax>482.0</xmax>
            <ymax>340.0</ymax>
        </bndbox>
    </object>
</annotation>
