<annotation>
    <folder>JPEGImages</folder>
    <filename>file_225_0_39.03265928577881_-94.57524915664098.jpg</filename>
    <path>C:\Users\Siri\PycharmProjects\Dataset_conversion\Dataset\VOC2007\JPEGImages\file_225_0_39.03265928577881_-94.57524915664098.jpg</path>
    <source>
        <database>Unknown</database>
    </source>
    <size>
        <width>640</width>
        <height>640</height>
        <depth>3</depth>
    </size>
    <segmented>0</segmented>
    <object>
        <name>house</name>
        <pose>Unspecified</pose>
        <truncated>0</truncated>
        <difficult>0</difficult>
        <bndbox>
            <xmin>2.0</xmin>
            <ymin>266.0</ymin>
            <xmax>78.0</xmax>
            <ymax>316.0</ymax>
        </bndbox>
    </object>    <object>
        <name>house</name>
        <pose>Unspecified</pose>
        <truncated>0</truncated>
        <difficult>0</difficult>
        <bndbox>
            <xmin>86.0</xmin>
            <ymin>234.0</ymin>
            <xmax>196.0</xmax>
            <ymax>336.0</ymax>
        </bndbox>
    </object>    <object>
        <name>house</name>
        <pose>Unspecified</pose>
        <truncated>0</truncated>
        <difficult>0</difficult>
        <bndbox>
            <xmin>200.0</xmin>
            <ymin>200.0</ymin>
            <xmax>455.0</xmax>
            <ymax>323.0</ymax>
        </bndbox>
    </object>
</annotation>
