<annotation>
    <folder>JPEGImages</folder>
    <filename>file_225_0_39.02754179585215_-94.57707075975685.jpg</filename>
    <path>C:\Users\Siri\PycharmProjects\Dataset_conversion\Dataset\VOC2007\JPEGImages\file_225_0_39.02754179585215_-94.57707075975685.jpg</path>
    <source>
        <database>Unknown</database>
    </source>
    <size>
        <width>640</width>
        <height>640</height>
        <depth>3</depth>
    </size>
    <segmented>0</segmented>
    <object>
        <name>house</name>
        <pose>Unspecified</pose>
        <truncated>0</truncated>
        <difficult>0</difficult>
        <bndbox>
            <xmin>381.0</xmin>
            <ymin>122.0</ymin>
            <xmax>637.0</xmax>
            <ymax>366.0</ymax>
        </bndbox>
    </object>    <object>
        <name>house</name>
        <pose>Unspecified</pose>
        <truncated>0</truncated>
        <difficult>0</difficult>
        <bndbox>
            <xmin>266.0</xmin>
            <ymin>278.0</ymin>
            <xmax>370.0</xmax>
            <ymax>342.0</ymax>
        </bndbox>
    </object>    <object>
        <name>house</name>
        <pose>Unspecified</pose>
        <truncated>0</truncated>
        <difficult>0</difficult>
        <bndbox>
            <xmin>6.0</xmin>
            <ymin>270.0</ymin>
            <xmax>60.0</xmax>
            <ymax>351.0</ymax>
        </bndbox>
    </object>
</annotation>
