<annotation>
    <folder>JPEGImages</folder>
    <filename>file_180_0_39.029101884087765_-94.57687462858975.jpg</filename>
    <path>C:\Users\Siri\PycharmProjects\Dataset_conversion\Dataset\VOC2007\JPEGImages\file_180_0_39.029101884087765_-94.57687462858975.jpg</path>
    <source>
        <database>Unknown</database>
    </source>
    <size>
        <width>640</width>
        <height>640</height>
        <depth>3</depth>
    </size>
    <segmented>0</segmented>
    <object>
        <name>house</name>
        <pose>Unspecified</pose>
        <truncated>0</truncated>
        <difficult>0</difficult>
        <bndbox>
            <xmin>3.0</xmin>
            <ymin>219.0</ymin>
            <xmax>233.0</xmax>
            <ymax>349.0</ymax>
        </bndbox>
    </object>    <object>
        <name>house</name>
        <pose>Unspecified</pose>
        <truncated>0</truncated>
        <difficult>0</difficult>
        <bndbox>
            <xmin>249.0</xmin>
            <ymin>223.0</ymin>
            <xmax>507.0</xmax>
            <ymax>373.0</ymax>
        </bndbox>
    </object>    <object>
        <name>house</name>
        <pose>Unspecified</pose>
        <truncated>0</truncated>
        <difficult>0</difficult>
        <bndbox>
            <xmin>577.0</xmin>
            <ymin>276.0</ymin>
            <xmax>635.0</xmax>
            <ymax>353.0</ymax>
        </bndbox>
    </object>
</annotation>
