<annotation>
    <folder>JPEGImages</folder>
    <filename>file_180_0_39.02729162414497_-94.5784306408695.jpg</filename>
    <path>C:\Users\Siri\PycharmProjects\Dataset_conversion\Dataset\VOC2007\JPEGImages\file_180_0_39.02729162414497_-94.5784306408695.jpg</path>
    <source>
        <database>Unknown</database>
    </source>
    <size>
        <width>640</width>
        <height>640</height>
        <depth>3</depth>
    </size>
    <segmented>0</segmented>
    <object>
        <name>house</name>
        <pose>Unspecified</pose>
        <truncated>0</truncated>
        <difficult>0</difficult>
        <bndbox>
            <xmin>3.0</xmin>
            <ymin>200.0</ymin>
            <xmax>132.0</xmax>
            <ymax>325.0</ymax>
        </bndbox>
    </object>    <object>
        <name>house</name>
        <pose>Unspecified</pose>
        <truncated>0</truncated>
        <difficult>0</difficult>
        <bndbox>
            <xmin>140.0</xmin>
            <ymin>249.0</ymin>
            <xmax>190.0</xmax>
            <ymax>320.0</ymax>
        </bndbox>
    </object>    <object>
        <name>house</name>
        <pose>Unspecified</pose>
        <truncated>0</truncated>
        <difficult>0</difficult>
        <bndbox>
            <xmin>209.0</xmin>
            <ymin>276.0</ymin>
            <xmax>264.0</xmax>
            <ymax>320.0</ymax>
        </bndbox>
    </object>    <object>
        <name>house</name>
        <pose>Unspecified</pose>
        <truncated>0</truncated>
        <difficult>0</difficult>
        <bndbox>
            <xmin>583.0</xmin>
            <ymin>238.0</ymin>
            <xmax>640.0</xmax>
            <ymax>321.0</ymax>
        </bndbox>
    </object>    <object>
        <name>house</name>
        <pose>Unspecified</pose>
        <truncated>0</truncated>
        <difficult>0</difficult>
        <bndbox>
            <xmin>531.0</xmin>
            <ymin>264.0</ymin>
            <xmax>570.0</xmax>
            <ymax>320.0</ymax>
        </bndbox>
    </object>    <object>
        <name>house</name>
        <pose>Unspecified</pose>
        <truncated>0</truncated>
        <difficult>0</difficult>
        <bndbox>
            <xmin>507.0</xmin>
            <ymin>279.0</ymin>
            <xmax>525.0</xmax>
            <ymax>320.0</ymax>
        </bndbox>
    </object>    <object>
        <name>house</name>
        <pose>Unspecified</pose>
        <truncated>0</truncated>
        <difficult>0</difficult>
        <bndbox>
            <xmin>475.0</xmin>
            <ymin>280.0</ymin>
            <xmax>499.0</xmax>
            <ymax>313.0</ymax>
        </bndbox>
    </object>    <object>
        <name>house</name>
        <pose>Unspecified</pose>
        <truncated>0</truncated>
        <difficult>0</difficult>
        <bndbox>
            <xmin>301.0</xmin>
            <ymin>285.0</ymin>
            <xmax>321.0</xmax>
            <ymax>318.0</ymax>
        </bndbox>
    </object>    <object>
        <name>house</name>
        <pose>Unspecified</pose>
        <truncated>0</truncated>
        <difficult>0</difficult>
        <bndbox>
            <xmin>274.0</xmin>
            <ymin>285.0</ymin>
            <xmax>288.0</xmax>
            <ymax>321.0</ymax>
        </bndbox>
    </object>    <object>
        <name>house</name>
        <pose>Unspecified</pose>
        <truncated>0</truncated>
        <difficult>0</difficult>
        <bndbox>
            <xmin>425.0</xmin>
            <ymin>283.0</ymin>
            <xmax>462.0</xmax>
            <ymax>317.0</ymax>
        </bndbox>
    </object>
</annotation>
