<annotation>
    <folder>JPEGImages</folder>
    <filename>file_180_0_39.03270129081862_-94.57615862807666.jpg</filename>
    <path>C:\Users\Siri\PycharmProjects\Dataset_conversion\Dataset\VOC2007\JPEGImages\file_180_0_39.03270129081862_-94.57615862807666.jpg</path>
    <source>
        <database>Unknown</database>
    </source>
    <size>
        <width>640</width>
        <height>640</height>
        <depth>3</depth>
    </size>
    <segmented>0</segmented>
    <object>
        <name>house</name>
        <pose>Unspecified</pose>
        <truncated>0</truncated>
        <difficult>0</difficult>
        <bndbox>
            <xmin>1.0</xmin>
            <ymin>274.0</ymin>
            <xmax>78.0</xmax>
            <ymax>327.0</ymax>
        </bndbox>
    </object>    <object>
        <name>house</name>
        <pose>Unspecified</pose>
        <truncated>0</truncated>
        <difficult>0</difficult>
        <bndbox>
            <xmin>88.0</xmin>
            <ymin>285.0</ymin>
            <xmax>154.0</xmax>
            <ymax>334.0</ymax>
        </bndbox>
    </object>
</annotation>
