<annotation>
    <folder>JPEGImages</folder>
    <filename>file_180_0_39.03089656088756_-94.5763961508343.jpg</filename>
    <path>C:\Users\Siri\PycharmProjects\Dataset_conversion\Dataset\VOC2007\JPEGImages\file_180_0_39.03089656088756_-94.5763961508343.jpg</path>
    <source>
        <database>Unknown</database>
    </source>
    <size>
        <width>640</width>
        <height>640</height>
        <depth>3</depth>
    </size>
    <segmented>0</segmented>
    <object>
        <name>house</name>
        <pose>Unspecified</pose>
        <truncated>0</truncated>
        <difficult>0</difficult>
        <bndbox>
            <xmin>0.0</xmin>
            <ymin>8.0</ymin>
            <xmax>258.0</xmax>
            <ymax>404.0</ymax>
        </bndbox>
    </object>    <object>
        <name>house</name>
        <pose>Unspecified</pose>
        <truncated>0</truncated>
        <difficult>0</difficult>
        <bndbox>
            <xmin>264.0</xmin>
            <ymin>225.0</ymin>
            <xmax>340.0</xmax>
            <ymax>329.0</ymax>
        </bndbox>
    </object>    <object>
        <name>house</name>
        <pose>Unspecified</pose>
        <truncated>0</truncated>
        <difficult>0</difficult>
        <bndbox>
            <xmin>536.0</xmin>
            <ymin>235.0</ymin>
            <xmax>637.0</xmax>
            <ymax>342.0</ymax>
        </bndbox>
    </object>    <object>
        <name>house</name>
        <pose>Unspecified</pose>
        <truncated>0</truncated>
        <difficult>0</difficult>
        <bndbox>
            <xmin>454.0</xmin>
            <ymin>263.0</ymin>
            <xmax>526.0</xmax>
            <ymax>309.0</ymax>
        </bndbox>
    </object>    <object>
        <name>house</name>
        <pose>Unspecified</pose>
        <truncated>0</truncated>
        <difficult>0</difficult>
        <bndbox>
            <xmin>371.0</xmin>
            <ymin>259.0</ymin>
            <xmax>434.0</xmax>
            <ymax>296.0</ymax>
        </bndbox>
    </object>
</annotation>
