<annotation>
    <folder>JPEGImages</folder>
    <filename>file_270_0_39.02872145991838_-94.578241360648.jpg</filename>
    <path>C:\Users\Siri\PycharmProjects\Dataset_conversion\Dataset\VOC2007\JPEGImages\file_270_0_39.02872145991838_-94.578241360648.jpg</path>
    <source>
        <database>Unknown</database>
    </source>
    <size>
        <width>640</width>
        <height>640</height>
        <depth>3</depth>
    </size>
    <segmented>0</segmented>
    <object>
        <name>house</name>
        <pose>Unspecified</pose>
        <truncated>0</truncated>
        <difficult>0</difficult>
        <bndbox>
            <xmin>4.0</xmin>
            <ymin>264.0</ymin>
            <xmax>142.0</xmax>
            <ymax>360.0</ymax>
        </bndbox>
    </object>    <object>
        <name>house</name>
        <pose>Unspecified</pose>
        <truncated>0</truncated>
        <difficult>0</difficult>
        <bndbox>
            <xmin>162.0</xmin>
            <ymin>225.0</ymin>
            <xmax>322.0</xmax>
            <ymax>350.0</ymax>
        </bndbox>
    </object>    <object>
        <name>house</name>
        <pose>Unspecified</pose>
        <truncated>0</truncated>
        <difficult>0</difficult>
        <bndbox>
            <xmin>359.0</xmin>
            <ymin>244.0</ymin>
            <xmax>481.0</xmax>
            <ymax>339.0</ymax>
        </bndbox>
    </object>    <object>
        <name>house</name>
        <pose>Unspecified</pose>
        <truncated>0</truncated>
        <difficult>0</difficult>
        <bndbox>
            <xmin>491.0</xmin>
            <ymin>265.0</ymin>
            <xmax>556.0</xmax>
            <ymax>335.0</ymax>
        </bndbox>
    </object>    <object>
        <name>house</name>
        <pose>Unspecified</pose>
        <truncated>0</truncated>
        <difficult>0</difficult>
        <bndbox>
            <xmin>564.0</xmin>
            <ymin>242.0</ymin>
            <xmax>633.0</xmax>
            <ymax>322.0</ymax>
        </bndbox>
    </object>
</annotation>
