<annotation>
    <folder>JPEGImages</folder>
    <filename>file_225_0_39.02726631988674_-94.57711983099621.jpg</filename>
    <path>C:\Users\Siri\PycharmProjects\Dataset_conversion\Dataset\VOC2007\JPEGImages\file_225_0_39.02726631988674_-94.57711983099621.jpg</path>
    <source>
        <database>Unknown</database>
    </source>
    <size>
        <width>640</width>
        <height>640</height>
        <depth>3</depth>
    </size>
    <segmented>0</segmented>
    <object>
        <name>house</name>
        <pose>Unspecified</pose>
        <truncated>0</truncated>
        <difficult>0</difficult>
        <bndbox>
            <xmin>399.0</xmin>
            <ymin>274.0</ymin>
            <xmax>517.0</xmax>
            <ymax>357.0</ymax>
        </bndbox>
    </object>    <object>
        <name>house</name>
        <pose>Unspecified</pose>
        <truncated>0</truncated>
        <difficult>0</difficult>
        <bndbox>
            <xmin>318.0</xmin>
            <ymin>282.0</ymin>
            <xmax>392.0</xmax>
            <ymax>340.0</ymax>
        </bndbox>
    </object>    <object>
        <name>house</name>
        <pose>Unspecified</pose>
        <truncated>0</truncated>
        <difficult>0</difficult>
        <bndbox>
            <xmin>255.0</xmin>
            <ymin>287.0</ymin>
            <xmax>306.0</xmax>
            <ymax>335.0</ymax>
        </bndbox>
    </object>    <object>
        <name>house</name>
        <pose>Unspecified</pose>
        <truncated>0</truncated>
        <difficult>0</difficult>
        <bndbox>
            <xmin>189.0</xmin>
            <ymin>288.0</ymin>
            <xmax>244.0</xmax>
            <ymax>328.0</ymax>
        </bndbox>
    </object>    <object>
        <name>house</name>
        <pose>Unspecified</pose>
        <truncated>0</truncated>
        <difficult>0</difficult>
        <bndbox>
            <xmin>543.0</xmin>
            <ymin>291.0</ymin>
            <xmax>600.0</xmax>
            <ymax>345.0</ymax>
        </bndbox>
    </object>
</annotation>
