<annotation>
    <folder>JPEGImages</folder>
    <filename>file_135_0_39.030904728538246_-94.57694620495752.jpg</filename>
    <path>C:\Users\Siri\PycharmProjects\Dataset_conversion\Dataset\VOC2007\JPEGImages\file_135_0_39.030904728538246_-94.57694620495752.jpg</path>
    <source>
        <database>Unknown</database>
    </source>
    <size>
        <width>640</width>
        <height>640</height>
        <depth>3</depth>
    </size>
    <segmented>0</segmented>
    <object>
        <name>house</name>
        <pose>Unspecified</pose>
        <truncated>0</truncated>
        <difficult>0</difficult>
        <bndbox>
            <xmin>99.0</xmin>
            <ymin>235.0</ymin>
            <xmax>189.0</xmax>
            <ymax>304.0</ymax>
        </bndbox>
    </object>    <object>
        <name>house</name>
        <pose>Unspecified</pose>
        <truncated>0</truncated>
        <difficult>0</difficult>
        <bndbox>
            <xmin>410.0</xmin>
            <ymin>30.0</ymin>
            <xmax>621.0</xmax>
            <ymax>361.0</ymax>
        </bndbox>
    </object>    <object>
        <name>house</name>
        <pose>Unspecified</pose>
        <truncated>0</truncated>
        <difficult>0</difficult>
        <bndbox>
            <xmin>233.0</xmin>
            <ymin>126.0</ymin>
            <xmax>349.0</xmax>
            <ymax>333.0</ymax>
        </bndbox>
    </object>
</annotation>
