<annotation>
    <folder>JPEGImages</folder>
    <filename>file_180_0_39.03090880299368_-94.57718358785448.jpg</filename>
    <path>C:\Users\Siri\PycharmProjects\Dataset_conversion\Dataset\VOC2007\JPEGImages\file_180_0_39.03090880299368_-94.57718358785448.jpg</path>
    <source>
        <database>Unknown</database>
    </source>
    <size>
        <width>640</width>
        <height>640</height>
        <depth>3</depth>
    </size>
    <segmented>0</segmented>
    <object>
        <name>house</name>
        <pose>Unspecified</pose>
        <truncated>0</truncated>
        <difficult>0</difficult>
        <bndbox>
            <xmin>1.0</xmin>
            <ymin>175.0</ymin>
            <xmax>123.0</xmax>
            <ymax>307.0</ymax>
        </bndbox>
    </object>    <object>
        <name>house</name>
        <pose>Unspecified</pose>
        <truncated>0</truncated>
        <difficult>0</difficult>
        <bndbox>
            <xmin>132.0</xmin>
            <ymin>235.0</ymin>
            <xmax>179.0</xmax>
            <ymax>315.0</ymax>
        </bndbox>
    </object>    <object>
        <name>house</name>
        <pose>Unspecified</pose>
        <truncated>0</truncated>
        <difficult>0</difficult>
        <bndbox>
            <xmin>189.0</xmin>
            <ymin>249.0</ymin>
            <xmax>231.0</xmax>
            <ymax>307.0</ymax>
        </bndbox>
    </object>    <object>
        <name>house</name>
        <pose>Unspecified</pose>
        <truncated>0</truncated>
        <difficult>0</difficult>
        <bndbox>
            <xmin>472.0</xmin>
            <ymin>127.0</ymin>
            <xmax>636.0</xmax>
            <ymax>351.0</ymax>
        </bndbox>
    </object>    <object>
        <name>house</name>
        <pose>Unspecified</pose>
        <truncated>0</truncated>
        <difficult>0</difficult>
        <bndbox>
            <xmin>401.0</xmin>
            <ymin>242.0</ymin>
            <xmax>463.0</xmax>
            <ymax>318.0</ymax>
        </bndbox>
    </object>    <object>
        <name>house</name>
        <pose>Unspecified</pose>
        <truncated>0</truncated>
        <difficult>0</difficult>
        <bndbox>
            <xmin>350.0</xmin>
            <ymin>268.0</ymin>
            <xmax>390.0</xmax>
            <ymax>306.0</ymax>
        </bndbox>
    </object>
</annotation>
