<annotation>
    <folder>JPEGImages</folder>
    <filename>file_135_0_39.030910632331256_-94.57729682884316.jpg</filename>
    <path>C:\Users\Siri\PycharmProjects\Dataset_conversion\Dataset\VOC2007\JPEGImages\file_135_0_39.030910632331256_-94.57729682884316.jpg</path>
    <source>
        <database>Unknown</database>
    </source>
    <size>
        <width>640</width>
        <height>640</height>
        <depth>3</depth>
    </size>
    <segmented>0</segmented>
    <object>
        <name>house</name>
        <pose>Unspecified</pose>
        <truncated>0</truncated>
        <difficult>0</difficult>
        <bndbox>
            <xmin>522.0</xmin>
            <ymin>134.0</ymin>
            <xmax>629.0</xmax>
            <ymax>332.0</ymax>
        </bndbox>
    </object>    <object>
        <name>house</name>
        <pose>Unspecified</pose>
        <truncated>0</truncated>
        <difficult>0</difficult>
        <bndbox>
            <xmin>80.0</xmin>
            <ymin>266.0</ymin>
            <xmax>114.0</xmax>
            <ymax>318.0</ymax>
        </bndbox>
    </object>    <object>
        <name>house</name>
        <pose>Unspecified</pose>
        <truncated>0</truncated>
        <difficult>0</difficult>
        <bndbox>
            <xmin>123.0</xmin>
            <ymin>253.0</ymin>
            <xmax>225.0</xmax>
            <ymax>315.0</ymax>
        </bndbox>
    </object>    <object>
        <name>house</name>
        <pose>Unspecified</pose>
        <truncated>0</truncated>
        <difficult>0</difficult>
        <bndbox>
            <xmin>233.0</xmin>
            <ymin>265.0</ymin>
            <xmax>299.0</xmax>
            <ymax>313.0</ymax>
        </bndbox>
    </object>    <object>
        <name>house</name>
        <pose>Unspecified</pose>
        <truncated>0</truncated>
        <difficult>0</difficult>
        <bndbox>
            <xmin>312.0</xmin>
            <ymin>274.0</ymin>
            <xmax>356.0</xmax>
            <ymax>321.0</ymax>
        </bndbox>
    </object>    <object>
        <name>house</name>
        <pose>Unspecified</pose>
        <truncated>0</truncated>
        <difficult>0</difficult>
        <bndbox>
            <xmin>366.0</xmin>
            <ymin>282.0</ymin>
            <xmax>398.0</xmax>
            <ymax>317.0</ymax>
        </bndbox>
    </object>    <object>
        <name>house</name>
        <pose>Unspecified</pose>
        <truncated>0</truncated>
        <difficult>0</difficult>
        <bndbox>
            <xmin>409.0</xmin>
            <ymin>291.0</ymin>
            <xmax>444.0</xmax>
            <ymax>323.0</ymax>
        </bndbox>
    </object>
</annotation>
