<annotation>
    <folder>JPEGImages</folder>
    <filename>file_180_0_39.027704378037804_-94.57707419131205.jpg</filename>
    <path>C:\Users\Siri\PycharmProjects\Dataset_conversion\Dataset\VOC2007\JPEGImages\file_180_0_39.027704378037804_-94.57707419131205.jpg</path>
    <source>
        <database>Unknown</database>
    </source>
    <size>
        <width>640</width>
        <height>640</height>
        <depth>3</depth>
    </size>
    <segmented>0</segmented>
    <object>
        <name>house</name>
        <pose>Unspecified</pose>
        <truncated>0</truncated>
        <difficult>0</difficult>
        <bndbox>
            <xmin>1.0</xmin>
            <ymin>174.0</ymin>
            <xmax>113.0</xmax>
            <ymax>324.0</ymax>
        </bndbox>
    </object>    <object>
        <name>house</name>
        <pose>Unspecified</pose>
        <truncated>0</truncated>
        <difficult>0</difficult>
        <bndbox>
            <xmin>123.0</xmin>
            <ymin>200.0</ymin>
            <xmax>236.0</xmax>
            <ymax>324.0</ymax>
        </bndbox>
    </object>    <object>
        <name>house</name>
        <pose>Unspecified</pose>
        <truncated>0</truncated>
        <difficult>0</difficult>
        <bndbox>
            <xmin>250.0</xmin>
            <ymin>267.0</ymin>
            <xmax>325.0</xmax>
            <ymax>323.0</ymax>
        </bndbox>
    </object>    <object>
        <name>house</name>
        <pose>Unspecified</pose>
        <truncated>0</truncated>
        <difficult>0</difficult>
        <bndbox>
            <xmin>499.0</xmin>
            <ymin>200.0</ymin>
            <xmax>636.0</xmax>
            <ymax>355.0</ymax>
        </bndbox>
    </object>
</annotation>
