<annotation>
    <folder>JPEGImages</folder>
    <filename>file_225_0_39.0326568272481_-94.57520425828307.jpg</filename>
    <path>C:\Users\Siri\PycharmProjects\Dataset_conversion\Dataset\VOC2007\JPEGImages\file_225_0_39.0326568272481_-94.57520425828307.jpg</path>
    <source>
        <database>Unknown</database>
    </source>
    <size>
        <width>640</width>
        <height>640</height>
        <depth>3</depth>
    </size>
    <segmented>0</segmented>
    <object>
        <name>house</name>
        <pose>Unspecified</pose>
        <truncated>0</truncated>
        <difficult>0</difficult>
        <bndbox>
            <xmin>0.0</xmin>
            <ymin>274.0</ymin>
            <xmax>79.0</xmax>
            <ymax>328.0</ymax>
        </bndbox>
    </object>    <object>
        <name>house</name>
        <pose>Unspecified</pose>
        <truncated>0</truncated>
        <difficult>0</difficult>
        <bndbox>
            <xmin>84.0</xmin>
            <ymin>236.0</ymin>
            <xmax>197.0</xmax>
            <ymax>325.0</ymax>
        </bndbox>
    </object>    <object>
        <name>house</name>
        <pose>Unspecified</pose>
        <truncated>0</truncated>
        <difficult>0</difficult>
        <bndbox>
            <xmin>209.0</xmin>
            <ymin>200.0</ymin>
            <xmax>453.0</xmax>
            <ymax>334.0</ymax>
        </bndbox>
    </object>
</annotation>
