<annotation>
    <folder>JPEGImages</folder>
    <filename>file_135_0_39.032575944193745_-94.57369317121389.jpg</filename>
    <path>C:\Users\Siri\PycharmProjects\Dataset_conversion\Dataset\VOC2007\JPEGImages\file_135_0_39.032575944193745_-94.57369317121389.jpg</path>
    <source>
        <database>Unknown</database>
    </source>
    <size>
        <width>640</width>
        <height>640</height>
        <depth>3</depth>
    </size>
    <segmented>0</segmented>
    <object>
        <name>house</name>
        <pose>Unspecified</pose>
        <truncated>0</truncated>
        <difficult>0</difficult>
        <bndbox>
            <xmin>92.0</xmin>
            <ymin>227.0</ymin>
            <xmax>206.0</xmax>
            <ymax>311.0</ymax>
        </bndbox>
    </object>    <object>
        <name>house</name>
        <pose>Unspecified</pose>
        <truncated>0</truncated>
        <difficult>0</difficult>
        <bndbox>
            <xmin>225.0</xmin>
            <ymin>241.0</ymin>
            <xmax>482.0</xmax>
            <ymax>310.0</ymax>
        </bndbox>
    </object>
</annotation>
