<annotation>
    <folder>JPEGImages</folder>
    <filename>file_135_0_39.032670349167034_-94.57545119925159.jpg</filename>
    <path>C:\Users\Siri\PycharmProjects\Dataset_conversion\Dataset\VOC2007\JPEGImages\file_135_0_39.032670349167034_-94.57545119925159.jpg</path>
    <source>
        <database>Unknown</database>
    </source>
    <size>
        <width>640</width>
        <height>640</height>
        <depth>3</depth>
    </size>
    <segmented>0</segmented>
    <object>
        <name>house</name>
        <pose>Unspecified</pose>
        <truncated>0</truncated>
        <difficult>0</difficult>
        <bndbox>
            <xmin>423.0</xmin>
            <ymin>72.0</ymin>
            <xmax>638.0</xmax>
            <ymax>337.0</ymax>
        </bndbox>
    </object>
</annotation>
