<annotation>
    <folder>JPEGImages</folder>
    <filename>file_225_0_39.03267789404638_-94.57288744319403.jpg</filename>
    <path>C:\Users\Siri\PycharmProjects\Dataset_conversion\Dataset\VOC2007\JPEGImages\file_225_0_39.03267789404638_-94.57288744319403.jpg</path>
    <source>
        <database>Unknown</database>
    </source>
    <size>
        <width>640</width>
        <height>640</height>
        <depth>3</depth>
    </size>
    <segmented>0</segmented>
    <object>
        <name>house</name>
        <pose>Unspecified</pose>
        <truncated>0</truncated>
        <difficult>0</difficult>
        <bndbox>
            <xmin>563.0</xmin>
            <ymin>285.0</ymin>
            <xmax>598.0</xmax>
            <ymax>322.0</ymax>
        </bndbox>
    </object>
</annotation>
