<annotation>
    <folder>JPEGImages</folder>
    <filename>file_225_0_39.02876345763596_-94.57702107920345.jpg</filename>
    <path>C:\Users\Siri\PycharmProjects\Dataset_conversion\Dataset\VOC2007\JPEGImages\file_225_0_39.02876345763596_-94.57702107920345.jpg</path>
    <source>
        <database>Unknown</database>
    </source>
    <size>
        <width>640</width>
        <height>640</height>
        <depth>3</depth>
    </size>
    <segmented>0</segmented>
    <object>
        <name>house</name>
        <pose>Unspecified</pose>
        <truncated>0</truncated>
        <difficult>0</difficult>
        <bndbox>
            <xmin>301.0</xmin>
            <ymin>252.0</ymin>
            <xmax>475.0</xmax>
            <ymax>368.0</ymax>
        </bndbox>
    </object>    <object>
        <name>house</name>
        <pose>Unspecified</pose>
        <truncated>0</truncated>
        <difficult>0</difficult>
        <bndbox>
            <xmin>202.0</xmin>
            <ymin>263.0</ymin>
            <xmax>290.0</xmax>
            <ymax>362.0</ymax>
        </bndbox>
    </object>
</annotation>
