<annotation>
    <folder>JPEGImages</folder>
    <filename>file_225_0_39.03090717460063_-94.57708649513401.jpg</filename>
    <path>C:\Users\Siri\PycharmProjects\Dataset_conversion\Dataset\VOC2007\JPEGImages\file_225_0_39.03090717460063_-94.57708649513401.jpg</path>
    <source>
        <database>Unknown</database>
    </source>
    <size>
        <width>640</width>
        <height>640</height>
        <depth>3</depth>
    </size>
    <segmented>0</segmented>
    <object>
        <name>house</name>
        <pose>Unspecified</pose>
        <truncated>0</truncated>
        <difficult>0</difficult>
        <bndbox>
            <xmin>329.0</xmin>
            <ymin>151.0</ymin>
            <xmax>546.0</xmax>
            <ymax>326.0</ymax>
        </bndbox>
    </object>    <object>
        <name>house</name>
        <pose>Unspecified</pose>
        <truncated>0</truncated>
        <difficult>0</difficult>
        <bndbox>
            <xmin>227.0</xmin>
            <ymin>239.0</ymin>
            <xmax>321.0</xmax>
            <ymax>309.0</ymax>
        </bndbox>
    </object>    <object>
        <name>house</name>
        <pose>Unspecified</pose>
        <truncated>0</truncated>
        <difficult>0</difficult>
        <bndbox>
            <xmin>86.0</xmin>
            <ymin>264.0</ymin>
            <xmax>132.0</xmax>
            <ymax>299.0</ymax>
        </bndbox>
    </object>
</annotation>
