<annotation>
    <folder>JPEGImages</folder>
    <filename>file_225_0_39.02901599956902_-94.57489730024054.jpg</filename>
    <path>C:\Users\Siri\PycharmProjects\Dataset_conversion\Dataset\VOC2007\JPEGImages\file_225_0_39.02901599956902_-94.57489730024054.jpg</path>
    <source>
        <database>Unknown</database>
    </source>
    <size>
        <width>640</width>
        <height>640</height>
        <depth>3</depth>
    </size>
    <segmented>0</segmented>
    <object>
        <name>house</name>
        <pose>Unspecified</pose>
        <truncated>0</truncated>
        <difficult>0</difficult>
        <bndbox>
            <xmin>254.0</xmin>
            <ymin>201.0</ymin>
            <xmax>462.0</xmax>
            <ymax>338.0</ymax>
        </bndbox>
    </object>    <object>
        <name>house</name>
        <pose>Unspecified</pose>
        <truncated>0</truncated>
        <difficult>0</difficult>
        <bndbox>
            <xmin>166.0</xmin>
            <ymin>237.0</ymin>
            <xmax>245.0</xmax>
            <ymax>330.0</ymax>
        </bndbox>
    </object>
</annotation>
