<annotation>
    <folder>JPEGImages</folder>
    <filename>file_180_0_39.030912868188295_-94.577435234496.jpg</filename>
    <path>C:\Users\Siri\PycharmProjects\Dataset_conversion\Dataset\VOC2007\JPEGImages\file_180_0_39.030912868188295_-94.577435234496.jpg</path>
    <source>
        <database>Unknown</database>
    </source>
    <size>
        <width>640</width>
        <height>640</height>
        <depth>3</depth>
    </size>
    <segmented>0</segmented>
    <object>
        <name>house</name>
        <pose>Unspecified</pose>
        <truncated>0</truncated>
        <difficult>0</difficult>
        <bndbox>
            <xmin>2.0</xmin>
            <ymin>50.0</ymin>
            <xmax>354.0</xmax>
            <ymax>332.0</ymax>
        </bndbox>
    </object>    <object>
        <name>house</name>
        <pose>Unspecified</pose>
        <truncated>0</truncated>
        <difficult>0</difficult>
        <bndbox>
            <xmin>362.0</xmin>
            <ymin>215.0</ymin>
            <xmax>463.0</xmax>
            <ymax>339.0</ymax>
        </bndbox>
    </object>
</annotation>
