<annotation>
    <folder>JPEGImages</folder>
    <filename>file_180_0_39.03089493470012_-94.57625967752254.jpg</filename>
    <path>C:\Users\Siri\PycharmProjects\Dataset_conversion\Dataset\VOC2007\JPEGImages\file_180_0_39.03089493470012_-94.57625967752254.jpg</path>
    <source>
        <database>Unknown</database>
    </source>
    <size>
        <width>640</width>
        <height>640</height>
        <depth>3</depth>
    </size>
    <segmented>0</segmented>
    <object>
        <name>house</name>
        <pose>Unspecified</pose>
        <truncated>0</truncated>
        <difficult>0</difficult>
        <bndbox>
            <xmin>32.0</xmin>
            <ymin>2.0</ymin>
            <xmax>631.0</xmax>
            <ymax>423.0</ymax>
        </bndbox>
    </object>
</annotation>
