<annotation>
    <folder>JPEGImages</folder>
    <filename>file_180_0_39.032572345533346_-94.57359725170143.jpg</filename>
    <path>C:\Users\Siri\PycharmProjects\Dataset_conversion\Dataset\VOC2007\JPEGImages\file_180_0_39.032572345533346_-94.57359725170143.jpg</path>
    <source>
        <database>Unknown</database>
    </source>
    <size>
        <width>640</width>
        <height>640</height>
        <depth>3</depth>
    </size>
    <segmented>0</segmented>
    <object>
        <name>house</name>
        <pose>Unspecified</pose>
        <truncated>0</truncated>
        <difficult>0</difficult>
        <bndbox>
            <xmin>4.0</xmin>
            <ymin>213.0</ymin>
            <xmax>171.0</xmax>
            <ymax>344.0</ymax>
        </bndbox>
    </object>    <object>
        <name>house</name>
        <pose>Unspecified</pose>
        <truncated>0</truncated>
        <difficult>0</difficult>
        <bndbox>
            <xmin>183.0</xmin>
            <ymin>273.0</ymin>
            <xmax>258.0</xmax>
            <ymax>341.0</ymax>
        </bndbox>
    </object>    <object>
        <name>house</name>
        <pose>Unspecified</pose>
        <truncated>0</truncated>
        <difficult>0</difficult>
        <bndbox>
            <xmin>269.0</xmin>
            <ymin>290.0</ymin>
            <xmax>310.0</xmax>
            <ymax>332.0</ymax>
        </bndbox>
    </object>    <object>
        <name>house</name>
        <pose>Unspecified</pose>
        <truncated>0</truncated>
        <difficult>0</difficult>
        <bndbox>
            <xmin>385.0</xmin>
            <ymin>295.0</ymin>
            <xmax>478.0</xmax>
            <ymax>335.0</ymax>
        </bndbox>
    </object>
</annotation>
