<annotation>
    <folder>JPEGImages</folder>
    <filename>file_135_0_39.030915307305065_-94.5775862224809.jpg</filename>
    <path>C:\Users\Siri\PycharmProjects\Dataset_conversion\Dataset\VOC2007\JPEGImages\file_135_0_39.030915307305065_-94.5775862224809.jpg</path>
    <source>
        <database>Unknown</database>
    </source>
    <size>
        <width>640</width>
        <height>640</height>
        <depth>3</depth>
    </size>
    <segmented>0</segmented>
    <object>
        <name>house</name>
        <pose>Unspecified</pose>
        <truncated>0</truncated>
        <difficult>0</difficult>
        <bndbox>
            <xmin>95.0</xmin>
            <ymin>266.0</ymin>
            <xmax>175.0</xmax>
            <ymax>317.0</ymax>
        </bndbox>
    </object>    <object>
        <name>house</name>
        <pose>Unspecified</pose>
        <truncated>0</truncated>
        <difficult>0</difficult>
        <bndbox>
            <xmin>185.0</xmin>
            <ymin>273.0</ymin>
            <xmax>223.0</xmax>
            <ymax>306.0</ymax>
        </bndbox>
    </object>    <object>
        <name>house</name>
        <pose>Unspecified</pose>
        <truncated>0</truncated>
        <difficult>0</difficult>
        <bndbox>
            <xmin>234.0</xmin>
            <ymin>159.0</ymin>
            <xmax>434.0</xmax>
            <ymax>326.0</ymax>
        </bndbox>
    </object>
</annotation>
