<annotation>
    <folder>JPEGImages</folder>
    <filename>file_180_0_39.03086344941354_-94.57506548710991.jpg</filename>
    <path>C:\Users\Siri\PycharmProjects\Dataset_conversion\Dataset\VOC2007\JPEGImages\file_180_0_39.03086344941354_-94.57506548710991.jpg</path>
    <source>
        <database>Unknown</database>
    </source>
    <size>
        <width>640</width>
        <height>640</height>
        <depth>3</depth>
    </size>
    <segmented>0</segmented>
    <object>
        <name>house</name>
        <pose>Unspecified</pose>
        <truncated>0</truncated>
        <difficult>0</difficult>
        <bndbox>
            <xmin>11.0</xmin>
            <ymin>103.0</ymin>
            <xmax>626.0</xmax>
            <ymax>448.0</ymax>
        </bndbox>
    </object>
</annotation>
