<annotation>
    <folder>JPEGImages</folder>
    <filename>file_180_0_39.03066902603621_-94.57471561275996.jpg</filename>
    <path>C:\Users\Siri\PycharmProjects\Dataset_conversion\Dataset\VOC2007\JPEGImages\file_180_0_39.03066902603621_-94.57471561275996.jpg</path>
    <source>
        <database>Unknown</database>
    </source>
    <size>
        <width>640</width>
        <height>640</height>
        <depth>3</depth>
    </size>
    <segmented>0</segmented>
    <object>
        <name>house</name>
        <pose>Unspecified</pose>
        <truncated>0</truncated>
        <difficult>0</difficult>
        <bndbox>
            <xmin>7.0</xmin>
            <ymin>257.0</ymin>
            <xmax>179.0</xmax>
            <ymax>367.0</ymax>
        </bndbox>
    </object>    <object>
        <name>house</name>
        <pose>Unspecified</pose>
        <truncated>0</truncated>
        <difficult>0</difficult>
        <bndbox>
            <xmin>193.0</xmin>
            <ymin>295.0</ymin>
            <xmax>239.0</xmax>
            <ymax>345.0</ymax>
        </bndbox>
    </object>    <object>
        <name>house</name>
        <pose>Unspecified</pose>
        <truncated>0</truncated>
        <difficult>0</difficult>
        <bndbox>
            <xmin>248.0</xmin>
            <ymin>292.0</ymin>
            <xmax>299.0</xmax>
            <ymax>326.0</ymax>
        </bndbox>
    </object>    <object>
        <name>house</name>
        <pose>Unspecified</pose>
        <truncated>0</truncated>
        <difficult>0</difficult>
        <bndbox>
            <xmin>523.0</xmin>
            <ymin>240.0</ymin>
            <xmax>636.0</xmax>
            <ymax>342.0</ymax>
        </bndbox>
    </object>    <object>
        <name>house</name>
        <pose>Unspecified</pose>
        <truncated>0</truncated>
        <difficult>0</difficult>
        <bndbox>
            <xmin>428.0</xmin>
            <ymin>282.0</ymin>
            <xmax>497.0</xmax>
            <ymax>338.0</ymax>
        </bndbox>
    </object>
</annotation>
