<annotation>
    <folder>JPEGImages</folder>
    <filename>file_270_0_39.03238508304089_-94.57814289492612.jpg</filename>
    <path>C:\Users\Siri\PycharmProjects\Dataset_conversion\Dataset\VOC2007\JPEGImages\file_270_0_39.03238508304089_-94.57814289492612.jpg</path>
    <source>
        <database>Unknown</database>
    </source>
    <size>
        <width>640</width>
        <height>640</height>
        <depth>3</depth>
    </size>
    <segmented>0</segmented>
    <object>
        <name>house</name>
        <pose>Unspecified</pose>
        <truncated>0</truncated>
        <difficult>0</difficult>
        <bndbox>
            <xmin>1.0</xmin>
            <ymin>264.0</ymin>
            <xmax>124.0</xmax>
            <ymax>343.0</ymax>
        </bndbox>
    </object>    <object>
        <name>house</name>
        <pose>Unspecified</pose>
        <truncated>0</truncated>
        <difficult>0</difficult>
        <bndbox>
            <xmin>528.0</xmin>
            <ymin>236.0</ymin>
            <xmax>637.0</xmax>
            <ymax>306.0</ymax>
        </bndbox>
    </object>
</annotation>
