<annotation>
    <folder>JPEGImages</folder>
    <filename>file_180_0_39.02904766087833_-94.57532712082734.jpg</filename>
    <path>C:\Users\Siri\PycharmProjects\Dataset_conversion\Dataset\VOC2007\JPEGImages\file_180_0_39.02904766087833_-94.57532712082734.jpg</path>
    <source>
        <database>Unknown</database>
    </source>
    <size>
        <width>640</width>
        <height>640</height>
        <depth>3</depth>
    </size>
    <segmented>0</segmented>
    <object>
        <name>house</name>
        <pose>Unspecified</pose>
        <truncated>0</truncated>
        <difficult>0</difficult>
        <bndbox>
            <xmin>3.0</xmin>
            <ymin>155.0</ymin>
            <xmax>211.0</xmax>
            <ymax>352.0</ymax>
        </bndbox>
    </object>    <object>
        <name>house</name>
        <pose>Unspecified</pose>
        <truncated>0</truncated>
        <difficult>0</difficult>
        <bndbox>
            <xmin>219.0</xmin>
            <ymin>240.0</ymin>
            <xmax>251.0</xmax>
            <ymax>348.0</ymax>
        </bndbox>
    </object>    <object>
        <name>house</name>
        <pose>Unspecified</pose>
        <truncated>0</truncated>
        <difficult>0</difficult>
        <bndbox>
            <xmin>262.0</xmin>
            <ymin>255.0</ymin>
            <xmax>296.0</xmax>
            <ymax>327.0</ymax>
        </bndbox>
    </object>    <object>
        <name>house</name>
        <pose>Unspecified</pose>
        <truncated>0</truncated>
        <difficult>0</difficult>
        <bndbox>
            <xmin>303.0</xmin>
            <ymin>279.0</ymin>
            <xmax>403.0</xmax>
            <ymax>340.0</ymax>
        </bndbox>
    </object>    <object>
        <name>house</name>
        <pose>Unspecified</pose>
        <truncated>0</truncated>
        <difficult>0</difficult>
        <bndbox>
            <xmin>567.0</xmin>
            <ymin>251.0</ymin>
            <xmax>638.0</xmax>
            <ymax>333.0</ymax>
        </bndbox>
    </object>    <object>
        <name>house</name>
        <pose>Unspecified</pose>
        <truncated>0</truncated>
        <difficult>0</difficult>
        <bndbox>
            <xmin>500.0</xmin>
            <ymin>276.0</ymin>
            <xmax>557.0</xmax>
            <ymax>332.0</ymax>
        </bndbox>
    </object>    <object>
        <name>house</name>
        <pose>Unspecified</pose>
        <truncated>0</truncated>
        <difficult>0</difficult>
        <bndbox>
            <xmin>425.0</xmin>
            <ymin>279.0</ymin>
            <xmax>491.0</xmax>
            <ymax>333.0</ymax>
        </bndbox>
    </object>
</annotation>
