<annotation>
    <folder>JPEGImages</folder>
    <filename>file_180_0_39.030623136376676_-94.57476925335844.jpg</filename>
    <path>C:\Users\Siri\PycharmProjects\Dataset_conversion\Dataset\VOC2007\JPEGImages\file_180_0_39.030623136376676_-94.57476925335844.jpg</path>
    <source>
        <database>Unknown</database>
    </source>
    <size>
        <width>640</width>
        <height>640</height>
        <depth>3</depth>
    </size>
    <segmented>0</segmented>
    <object>
        <name>house</name>
        <pose>Unspecified</pose>
        <truncated>0</truncated>
        <difficult>0</difficult>
        <bndbox>
            <xmin>4.0</xmin>
            <ymin>254.0</ymin>
            <xmax>183.0</xmax>
            <ymax>342.0</ymax>
        </bndbox>
    </object>    <object>
        <name>house</name>
        <pose>Unspecified</pose>
        <truncated>0</truncated>
        <difficult>0</difficult>
        <bndbox>
            <xmin>192.0</xmin>
            <ymin>287.0</ymin>
            <xmax>265.0</xmax>
            <ymax>339.0</ymax>
        </bndbox>
    </object>    <object>
        <name>house</name>
        <pose>Unspecified</pose>
        <truncated>0</truncated>
        <difficult>0</difficult>
        <bndbox>
            <xmin>437.0</xmin>
            <ymin>273.0</ymin>
            <xmax>488.0</xmax>
            <ymax>330.0</ymax>
        </bndbox>
    </object>    <object>
        <name>house</name>
        <pose>Unspecified</pose>
        <truncated>0</truncated>
        <difficult>0</difficult>
        <bndbox>
            <xmin>525.0</xmin>
            <ymin>269.0</ymin>
            <xmax>630.0</xmax>
            <ymax>327.0</ymax>
        </bndbox>
    </object>
</annotation>
