<annotation>
    <folder>JPEGImages</folder>
    <filename>file_180_0_39.03091693342623_-94.5776916422524.jpg</filename>
    <path>C:\Users\Siri\PycharmProjects\Dataset_conversion\Dataset\VOC2007\JPEGImages\file_180_0_39.03091693342623_-94.5776916422524.jpg</path>
    <source>
        <database>Unknown</database>
    </source>
    <size>
        <width>640</width>
        <height>640</height>
        <depth>3</depth>
    </size>
    <segmented>0</segmented>
    <object>
        <name>house</name>
        <pose>Unspecified</pose>
        <truncated>0</truncated>
        <difficult>0</difficult>
        <bndbox>
            <xmin>62.0</xmin>
            <ymin>194.0</ymin>
            <xmax>209.0</xmax>
            <ymax>319.0</ymax>
        </bndbox>
    </object>    <object>
        <name>house</name>
        <pose>Unspecified</pose>
        <truncated>0</truncated>
        <difficult>0</difficult>
        <bndbox>
            <xmin>544.0</xmin>
            <ymin>189.0</ymin>
            <xmax>636.0</xmax>
            <ymax>341.0</ymax>
        </bndbox>
    </object>    <object>
        <name>house</name>
        <pose>Unspecified</pose>
        <truncated>0</truncated>
        <difficult>0</difficult>
        <bndbox>
            <xmin>452.0</xmin>
            <ymin>232.0</ymin>
            <xmax>534.0</xmax>
            <ymax>331.0</ymax>
        </bndbox>
    </object>
</annotation>
