<annotation>
    <folder>JPEGImages</folder>
    <filename>file_270_0_39.0309230316513_-94.57811672336362.jpg</filename>
    <path>C:\Users\Siri\PycharmProjects\Dataset_conversion\Dataset\VOC2007\JPEGImages\file_270_0_39.0309230316513_-94.57811672336362.jpg</path>
    <source>
        <database>Unknown</database>
    </source>
    <size>
        <width>640</width>
        <height>640</height>
        <depth>3</depth>
    </size>
    <segmented>0</segmented>
    <object>
        <name>house</name>
        <pose>Unspecified</pose>
        <truncated>0</truncated>
        <difficult>0</difficult>
        <bndbox>
            <xmin>464.0</xmin>
            <ymin>261.0</ymin>
            <xmax>636.0</xmax>
            <ymax>327.0</ymax>
        </bndbox>
    </object>    <object>
        <name>house</name>
        <pose>Unspecified</pose>
        <truncated>0</truncated>
        <difficult>0</difficult>
        <bndbox>
            <xmin>36.0</xmin>
            <ymin>235.0</ymin>
            <xmax>193.0</xmax>
            <ymax>302.0</ymax>
        </bndbox>
    </object>
</annotation>
