<annotation>
    <folder>JPEGImages</folder>
    <filename>file_180_0_39.02726837582469_-94.57724336698341.jpg</filename>
    <path>C:\Users\Siri\PycharmProjects\Dataset_conversion\Dataset\VOC2007\JPEGImages\file_180_0_39.02726837582469_-94.57724336698341.jpg</path>
    <source>
        <database>Unknown</database>
    </source>
    <size>
        <width>640</width>
        <height>640</height>
        <depth>3</depth>
    </size>
    <segmented>0</segmented>
    <object>
        <name>house</name>
        <pose>Unspecified</pose>
        <truncated>0</truncated>
        <difficult>0</difficult>
        <bndbox>
            <xmin>5.0</xmin>
            <ymin>232.0</ymin>
            <xmax>151.0</xmax>
            <ymax>328.0</ymax>
        </bndbox>
    </object>    <object>
        <name>house</name>
        <pose>Unspecified</pose>
        <truncated>0</truncated>
        <difficult>0</difficult>
        <bndbox>
            <xmin>570.0</xmin>
            <ymin>267.0</ymin>
            <xmax>636.0</xmax>
            <ymax>334.0</ymax>
        </bndbox>
    </object>    <object>
        <name>house</name>
        <pose>Unspecified</pose>
        <truncated>0</truncated>
        <difficult>0</difficult>
        <bndbox>
            <xmin>497.0</xmin>
            <ymin>249.0</ymin>
            <xmax>558.0</xmax>
            <ymax>337.0</ymax>
        </bndbox>
    </object>    <object>
        <name>house</name>
        <pose>Unspecified</pose>
        <truncated>0</truncated>
        <difficult>0</difficult>
        <bndbox>
            <xmin>444.0</xmin>
            <ymin>285.0</ymin>
            <xmax>491.0</xmax>
            <ymax>326.0</ymax>
        </bndbox>
    </object>    <object>
        <name>house</name>
        <pose>Unspecified</pose>
        <truncated>0</truncated>
        <difficult>0</difficult>
        <bndbox>
            <xmin>414.0</xmin>
            <ymin>291.0</ymin>
            <xmax>435.0</xmax>
            <ymax>323.0</ymax>
        </bndbox>
    </object>    <object>
        <name>house</name>
        <pose>Unspecified</pose>
        <truncated>0</truncated>
        <difficult>0</difficult>
        <bndbox>
            <xmin>160.0</xmin>
            <ymin>258.0</ymin>
            <xmax>230.0</xmax>
            <ymax>321.0</ymax>
        </bndbox>
    </object>
</annotation>
