<annotation>
    <folder>JPEGImages</folder>
    <filename>file_225_0_39.02724265828712_-94.5784108803327.jpg</filename>
    <path>C:\Users\Siri\PycharmProjects\Dataset_conversion\Dataset\VOC2007\JPEGImages\file_225_0_39.02724265828712_-94.5784108803327.jpg</path>
    <source>
        <database>Unknown</database>
    </source>
    <size>
        <width>640</width>
        <height>640</height>
        <depth>3</depth>
    </size>
    <segmented>0</segmented>
    <object>
        <name>house</name>
        <pose>Unspecified</pose>
        <truncated>0</truncated>
        <difficult>0</difficult>
        <bndbox>
            <xmin>346.0</xmin>
            <ymin>220.0</ymin>
            <xmax>475.0</xmax>
            <ymax>335.0</ymax>
        </bndbox>
    </object>    <object>
        <name>house</name>
        <pose>Unspecified</pose>
        <truncated>0</truncated>
        <difficult>0</difficult>
        <bndbox>
            <xmin>259.0</xmin>
            <ymin>259.0</ymin>
            <xmax>344.0</xmax>
            <ymax>339.0</ymax>
        </bndbox>
    </object>    <object>
        <name>house</name>
        <pose>Unspecified</pose>
        <truncated>0</truncated>
        <difficult>0</difficult>
        <bndbox>
            <xmin>187.0</xmin>
            <ymin>270.0</ymin>
            <xmax>247.0</xmax>
            <ymax>323.0</ymax>
        </bndbox>
    </object>    <object>
        <name>house</name>
        <pose>Unspecified</pose>
        <truncated>0</truncated>
        <difficult>0</difficult>
        <bndbox>
            <xmin>131.0</xmin>
            <ymin>277.0</ymin>
            <xmax>174.0</xmax>
            <ymax>320.0</ymax>
        </bndbox>
    </object>
</annotation>
