<annotation>
    <folder>JPEGImages</folder>
    <filename>file_180_0_39.03155746124139_-94.57818951693287.jpg</filename>
    <path>C:\Users\Siri\PycharmProjects\Dataset_conversion\Dataset\VOC2007\JPEGImages\file_180_0_39.03155746124139_-94.57818951693287.jpg</path>
    <source>
        <database>Unknown</database>
    </source>
    <size>
        <width>640</width>
        <height>640</height>
        <depth>3</depth>
    </size>
    <segmented>0</segmented>
    <object>
        <name>house</name>
        <pose>Unspecified</pose>
        <truncated>0</truncated>
        <difficult>0</difficult>
        <bndbox>
            <xmin>6.0</xmin>
            <ymin>266.0</ymin>
            <xmax>85.0</xmax>
            <ymax>313.0</ymax>
        </bndbox>
    </object>    <object>
        <name>house</name>
        <pose>Unspecified</pose>
        <truncated>0</truncated>
        <difficult>0</difficult>
        <bndbox>
            <xmin>101.0</xmin>
            <ymin>277.0</ymin>
            <xmax>159.0</xmax>
            <ymax>312.0</ymax>
        </bndbox>
    </object>    <object>
        <name>house</name>
        <pose>Unspecified</pose>
        <truncated>0</truncated>
        <difficult>0</difficult>
        <bndbox>
            <xmin>180.0</xmin>
            <ymin>280.0</ymin>
            <xmax>280.0</xmax>
            <ymax>321.0</ymax>
        </bndbox>
    </object>    <object>
        <name>house</name>
        <pose>Unspecified</pose>
        <truncated>0</truncated>
        <difficult>0</difficult>
        <bndbox>
            <xmin>438.0</xmin>
            <ymin>285.0</ymin>
            <xmax>506.0</xmax>
            <ymax>339.0</ymax>
        </bndbox>
    </object>
</annotation>
