<annotation>
    <folder>JPEGImages</folder>
    <filename>file_180_0_39.03238508304089_-94.57814289492612.jpg</filename>
    <path>C:\Users\Siri\PycharmProjects\Dataset_conversion\Dataset\VOC2007\JPEGImages\file_180_0_39.03238508304089_-94.57814289492612.jpg</path>
    <source>
        <database>Unknown</database>
    </source>
    <size>
        <width>640</width>
        <height>640</height>
        <depth>3</depth>
    </size>
    <segmented>0</segmented>
    <object>
        <name>house</name>
        <pose>Unspecified</pose>
        <truncated>0</truncated>
        <difficult>0</difficult>
        <bndbox>
            <xmin>4.0</xmin>
            <ymin>216.0</ymin>
            <xmax>150.0</xmax>
            <ymax>304.0</ymax>
        </bndbox>
    </object>    <object>
        <name>house</name>
        <pose>Unspecified</pose>
        <truncated>0</truncated>
        <difficult>0</difficult>
        <bndbox>
            <xmin>598.0</xmin>
            <ymin>236.0</ymin>
            <xmax>634.0</xmax>
            <ymax>353.0</ymax>
        </bndbox>
    </object>    <object>
        <name>house</name>
        <pose>Unspecified</pose>
        <truncated>0</truncated>
        <difficult>0</difficult>
        <bndbox>
            <xmin>466.0</xmin>
            <ymin>251.0</ymin>
            <xmax>587.0</xmax>
            <ymax>327.0</ymax>
        </bndbox>
    </object>
</annotation>
