<annotation>
    <folder>JPEGImages</folder>
    <filename>file_225_0_39.03092242182879_-94.5780742152525.jpg</filename>
    <path>C:\Users\Siri\PycharmProjects\Dataset_conversion\Dataset\VOC2007\JPEGImages\file_225_0_39.03092242182879_-94.5780742152525.jpg</path>
    <source>
        <database>Unknown</database>
    </source>
    <size>
        <width>640</width>
        <height>640</height>
        <depth>3</depth>
    </size>
    <segmented>0</segmented>
    <object>
        <name>house</name>
        <pose>Unspecified</pose>
        <truncated>0</truncated>
        <difficult>0</difficult>
        <bndbox>
            <xmin>353.0</xmin>
            <ymin>269.0</ymin>
            <xmax>434.0</xmax>
            <ymax>312.0</ymax>
        </bndbox>
    </object>    <object>
        <name>house</name>
        <pose>Unspecified</pose>
        <truncated>0</truncated>
        <difficult>0</difficult>
        <bndbox>
            <xmin>237.0</xmin>
            <ymin>278.0</ymin>
            <xmax>295.0</xmax>
            <ymax>314.0</ymax>
        </bndbox>
    </object>
</annotation>
