<annotation>
    <folder>JPEGImages</folder>
    <filename>file_225_0_39.0309149007856_-94.57756105781675.jpg</filename>
    <path>C:\Users\Siri\PycharmProjects\Dataset_conversion\Dataset\VOC2007\JPEGImages\file_225_0_39.0309149007856_-94.57756105781675.jpg</path>
    <source>
        <database>Unknown</database>
    </source>
    <size>
        <width>640</width>
        <height>640</height>
        <depth>3</depth>
    </size>
    <segmented>0</segmented>
    <object>
        <name>house</name>
        <pose>Unspecified</pose>
        <truncated>0</truncated>
        <difficult>0</difficult>
        <bndbox>
            <xmin>250.0</xmin>
            <ymin>241.0</ymin>
            <xmax>352.0</xmax>
            <ymax>334.0</ymax>
        </bndbox>
    </object>    <object>
        <name>house</name>
        <pose>Unspecified</pose>
        <truncated>0</truncated>
        <difficult>0</difficult>
        <bndbox>
            <xmin>364.0</xmin>
            <ymin>236.0</ymin>
            <xmax>505.0</xmax>
            <ymax>334.0</ymax>
        </bndbox>
    </object>
</annotation>
