<annotation>
    <folder>JPEGImages</folder>
    <filename>file_180_0_39.03091083559099_-94.57730941117524.jpg</filename>
    <path>C:\Users\Siri\PycharmProjects\Dataset_conversion\Dataset\VOC2007\JPEGImages\file_180_0_39.03091083559099_-94.57730941117524.jpg</path>
    <source>
        <database>Unknown</database>
    </source>
    <size>
        <width>640</width>
        <height>640</height>
        <depth>3</depth>
    </size>
    <segmented>0</segmented>
    <object>
        <name>house</name>
        <pose>Unspecified</pose>
        <truncated>0</truncated>
        <difficult>0</difficult>
        <bndbox>
            <xmin>3.0</xmin>
            <ymin>225.0</ymin>
            <xmax>51.0</xmax>
            <ymax>317.0</ymax>
        </bndbox>
    </object>    <object>
        <name>house</name>
        <pose>Unspecified</pose>
        <truncated>0</truncated>
        <difficult>0</difficult>
        <bndbox>
            <xmin>65.0</xmin>
            <ymin>241.0</ymin>
            <xmax>134.0</xmax>
            <ymax>310.0</ymax>
        </bndbox>
    </object>    <object>
        <name>house</name>
        <pose>Unspecified</pose>
        <truncated>0</truncated>
        <difficult>0</difficult>
        <bndbox>
            <xmin>146.0</xmin>
            <ymin>252.0</ymin>
            <xmax>221.0</xmax>
            <ymax>300.0</ymax>
        </bndbox>
    </object>    <object>
        <name>house</name>
        <pose>Unspecified</pose>
        <truncated>0</truncated>
        <difficult>0</difficult>
        <bndbox>
            <xmin>236.0</xmin>
            <ymin>24.0</ymin>
            <xmax>632.0</xmax>
            <ymax>364.0</ymax>
        </bndbox>
    </object>
</annotation>
