<annotation>
    <folder>JPEGImages</folder>
    <filename>file_270_0_39.02796618525348_-94.57707629612256.jpg</filename>
    <path>C:\Users\Siri\PycharmProjects\Dataset_conversion\Dataset\VOC2007\JPEGImages\file_270_0_39.02796618525348_-94.57707629612256.jpg</path>
    <source>
        <database>Unknown</database>
    </source>
    <size>
        <width>640</width>
        <height>640</height>
        <depth>3</depth>
    </size>
    <segmented>0</segmented>
    <object>
        <name>house</name>
        <pose>Unspecified</pose>
        <truncated>0</truncated>
        <difficult>0</difficult>
        <bndbox>
            <xmin>4.0</xmin>
            <ymin>258.0</ymin>
            <xmax>194.0</xmax>
            <ymax>402.0</ymax>
        </bndbox>
    </object>    <object>
        <name>house</name>
        <pose>Unspecified</pose>
        <truncated>0</truncated>
        <difficult>0</difficult>
        <bndbox>
            <xmin>206.0</xmin>
            <ymin>257.0</ymin>
            <xmax>387.0</xmax>
            <ymax>403.0</ymax>
        </bndbox>
    </object>    <object>
        <name>house</name>
        <pose>Unspecified</pose>
        <truncated>0</truncated>
        <difficult>0</difficult>
        <bndbox>
            <xmin>406.0</xmin>
            <ymin>255.0</ymin>
            <xmax>628.0</xmax>
            <ymax>403.0</ymax>
        </bndbox>
    </object>
</annotation>
