<annotation>
    <folder>JPEGImages</folder>
    <filename>file_225_0_39.031358580173844_-94.57820226479947.jpg</filename>
    <path>C:\Users\Siri\PycharmProjects\Dataset_conversion\Dataset\VOC2007\JPEGImages\file_225_0_39.031358580173844_-94.57820226479947.jpg</path>
    <source>
        <database>Unknown</database>
    </source>
    <size>
        <width>640</width>
        <height>640</height>
        <depth>3</depth>
    </size>
    <segmented>0</segmented>
    <object>
        <name>house</name>
        <pose>Unspecified</pose>
        <truncated>0</truncated>
        <difficult>0</difficult>
        <bndbox>
            <xmin>191.0</xmin>
            <ymin>270.0</ymin>
            <xmax>259.0</xmax>
            <ymax>316.0</ymax>
        </bndbox>
    </object>    <object>
        <name>house</name>
        <pose>Unspecified</pose>
        <truncated>0</truncated>
        <difficult>0</difficult>
        <bndbox>
            <xmin>435.0</xmin>
            <ymin>310.0</ymin>
            <xmax>464.0</xmax>
            <ymax>336.0</ymax>
        </bndbox>
    </object>
</annotation>
