<annotation>
    <folder>JPEGImages</folder>
    <filename>file_225_0_39.030905747730905_-94.57700465919773.jpg</filename>
    <path>C:\Users\Siri\PycharmProjects\Dataset_conversion\Dataset\VOC2007\JPEGImages\file_225_0_39.030905747730905_-94.57700465919773.jpg</path>
    <source>
        <database>Unknown</database>
    </source>
    <size>
        <width>640</width>
        <height>640</height>
        <depth>3</depth>
    </size>
    <segmented>0</segmented>
    <object>
        <name>house</name>
        <pose>Unspecified</pose>
        <truncated>0</truncated>
        <difficult>0</difficult>
        <bndbox>
            <xmin>356.0</xmin>
            <ymin>218.0</ymin>
            <xmax>529.0</xmax>
            <ymax>336.0</ymax>
        </bndbox>
    </object>    <object>
        <name>house</name>
        <pose>Unspecified</pose>
        <truncated>0</truncated>
        <difficult>0</difficult>
        <bndbox>
            <xmin>265.0</xmin>
            <ymin>260.0</ymin>
            <xmax>349.0</xmax>
            <ymax>325.0</ymax>
        </bndbox>
    </object>    <object>
        <name>house</name>
        <pose>Unspecified</pose>
        <truncated>0</truncated>
        <difficult>0</difficult>
        <bndbox>
            <xmin>173.0</xmin>
            <ymin>273.0</ymin>
            <xmax>220.0</xmax>
            <ymax>309.0</ymax>
        </bndbox>
    </object>    <object>
        <name>house</name>
        <pose>Unspecified</pose>
        <truncated>0</truncated>
        <difficult>0</difficult>
        <bndbox>
            <xmin>140.0</xmin>
            <ymin>276.0</ymin>
            <xmax>163.0</xmax>
            <ymax>312.0</ymax>
        </bndbox>
    </object>
</annotation>
