<annotation>
    <folder>JPEGImages</folder>
    <filename>file_180_0_39.02727236354191_-94.57768643960333.jpg</filename>
    <path>C:\Users\Siri\PycharmProjects\Dataset_conversion\Dataset\VOC2007\JPEGImages\file_180_0_39.02727236354191_-94.57768643960333.jpg</path>
    <source>
        <database>Unknown</database>
    </source>
    <size>
        <width>640</width>
        <height>640</height>
        <depth>3</depth>
    </size>
    <segmented>0</segmented>
    <object>
        <name>house</name>
        <pose>Unspecified</pose>
        <truncated>0</truncated>
        <difficult>0</difficult>
        <bndbox>
            <xmin>8.0</xmin>
            <ymin>208.0</ymin>
            <xmax>340.0</xmax>
            <ymax>394.0</ymax>
        </bndbox>
    </object>    <object>
        <name>house</name>
        <pose>Unspecified</pose>
        <truncated>0</truncated>
        <difficult>0</difficult>
        <bndbox>
            <xmin>606.0</xmin>
            <ymin>286.0</ymin>
            <xmax>636.0</xmax>
            <ymax>358.0</ymax>
        </bndbox>
    </object>    <object>
        <name>house</name>
        <pose>Unspecified</pose>
        <truncated>0</truncated>
        <difficult>0</difficult>
        <bndbox>
            <xmin>550.0</xmin>
            <ymin>290.0</ymin>
            <xmax>593.0</xmax>
            <ymax>357.0</ymax>
        </bndbox>
    </object>
</annotation>
