<annotation>
    <folder>JPEGImages</folder>
    <filename>file_225_0_39.02834229896691_-94.57704660308804.jpg</filename>
    <path>C:\Users\Siri\PycharmProjects\Dataset_conversion\Dataset\VOC2007\JPEGImages\file_225_0_39.02834229896691_-94.57704660308804.jpg</path>
    <source>
        <database>Unknown</database>
    </source>
    <size>
        <width>640</width>
        <height>640</height>
        <depth>3</depth>
    </size>
    <segmented>0</segmented>
    <object>
        <name>house</name>
        <pose>Unspecified</pose>
        <truncated>0</truncated>
        <difficult>0</difficult>
        <bndbox>
            <xmin>393.0</xmin>
            <ymin>214.0</ymin>
            <xmax>632.0</xmax>
            <ymax>411.0</ymax>
        </bndbox>
    </object>    <object>
        <name>house</name>
        <pose>Unspecified</pose>
        <truncated>0</truncated>
        <difficult>0</difficult>
        <bndbox>
            <xmin>236.0</xmin>
            <ymin>253.0</ymin>
            <xmax>380.0</xmax>
            <ymax>363.0</ymax>
        </bndbox>
    </object>    <object>
        <name>house</name>
        <pose>Unspecified</pose>
        <truncated>0</truncated>
        <difficult>0</difficult>
        <bndbox>
            <xmin>168.0</xmin>
            <ymin>269.0</ymin>
            <xmax>224.0</xmax>
            <ymax>340.0</ymax>
        </bndbox>
    </object>    <object>
        <name>house</name>
        <pose>Unspecified</pose>
        <truncated>0</truncated>
        <difficult>0</difficult>
        <bndbox>
            <xmin>110.0</xmin>
            <ymin>278.0</ymin>
            <xmax>153.0</xmax>
            <ymax>335.0</ymax>
        </bndbox>
    </object>
</annotation>
