<annotation>
    <folder>JPEGImages</folder>
    <filename>file_225_0_39.02727111707529_-94.57740808163301.jpg</filename>
    <path>C:\Users\Siri\PycharmProjects\Dataset_conversion\Dataset\VOC2007\JPEGImages\file_225_0_39.02727111707529_-94.57740808163301.jpg</path>
    <source>
        <database>Unknown</database>
    </source>
    <size>
        <width>640</width>
        <height>640</height>
        <depth>3</depth>
    </size>
    <segmented>0</segmented>
    <object>
        <name>house</name>
        <pose>Unspecified</pose>
        <truncated>0</truncated>
        <difficult>0</difficult>
        <bndbox>
            <xmin>54.0</xmin>
            <ymin>262.0</ymin>
            <xmax>129.0</xmax>
            <ymax>331.0</ymax>
        </bndbox>
    </object>    <object>
        <name>house</name>
        <pose>Unspecified</pose>
        <truncated>0</truncated>
        <difficult>0</difficult>
        <bndbox>
            <xmin>143.0</xmin>
            <ymin>238.0</ymin>
            <xmax>398.0</xmax>
            <ymax>378.0</ymax>
        </bndbox>
    </object>    <object>
        <name>house</name>
        <pose>Unspecified</pose>
        <truncated>0</truncated>
        <difficult>0</difficult>
        <bndbox>
            <xmin>409.0</xmin>
            <ymin>270.0</ymin>
            <xmax>556.0</xmax>
            <ymax>364.0</ymax>
        </bndbox>
    </object>
</annotation>
