<annotation>
    <folder>JPEGImages</folder>
    <filename>file_225_0_39.03071491569574_-94.57466197216148.jpg</filename>
    <path>C:\Users\Siri\PycharmProjects\Dataset_conversion\Dataset\VOC2007\JPEGImages\file_225_0_39.03071491569574_-94.57466197216148.jpg</path>
    <source>
        <database>Unknown</database>
    </source>
    <size>
        <width>640</width>
        <height>640</height>
        <depth>3</depth>
    </size>
    <segmented>0</segmented>
    <object>
        <name>house</name>
        <pose>Unspecified</pose>
        <truncated>0</truncated>
        <difficult>0</difficult>
        <bndbox>
            <xmin>574.0</xmin>
            <ymin>197.0</ymin>
            <xmax>638.0</xmax>
            <ymax>360.0</ymax>
        </bndbox>
    </object>    <object>
        <name>house</name>
        <pose>Unspecified</pose>
        <truncated>0</truncated>
        <difficult>0</difficult>
        <bndbox>
            <xmin>386.0</xmin>
            <ymin>224.0</ymin>
            <xmax>555.0</xmax>
            <ymax>356.0</ymax>
        </bndbox>
    </object>    <object>
        <name>house</name>
        <pose>Unspecified</pose>
        <truncated>0</truncated>
        <difficult>0</difficult>
        <bndbox>
            <xmin>164.0</xmin>
            <ymin>292.0</ymin>
            <xmax>223.0</xmax>
            <ymax>350.0</ymax>
        </bndbox>
    </object>    <object>
        <name>house</name>
        <pose>Unspecified</pose>
        <truncated>0</truncated>
        <difficult>0</difficult>
        <bndbox>
            <xmin>314.0</xmin>
            <ymin>290.0</ymin>
            <xmax>377.0</xmax>
            <ymax>341.0</ymax>
        </bndbox>
    </object>    <object>
        <name>house</name>
        <pose>Unspecified</pose>
        <truncated>0</truncated>
        <difficult>0</difficult>
        <bndbox>
            <xmin>243.0</xmin>
            <ymin>275.0</ymin>
            <xmax>302.0</xmax>
            <ymax>341.0</ymax>
        </bndbox>
    </object>
</annotation>
