<annotation>
    <folder>JPEGImages</folder>
    <filename>file_225_0_39.027987338983934_-94.57840151645614.jpg</filename>
    <path>C:\Users\Siri\PycharmProjects\Dataset_conversion\Dataset\VOC2007\JPEGImages\file_225_0_39.027987338983934_-94.57840151645614.jpg</path>
    <source>
        <database>Unknown</database>
    </source>
    <size>
        <width>640</width>
        <height>640</height>
        <depth>3</depth>
    </size>
    <segmented>0</segmented>
    <object>
        <name>house</name>
        <pose>Unspecified</pose>
        <truncated>0</truncated>
        <difficult>0</difficult>
        <bndbox>
            <xmin>380.0</xmin>
            <ymin>232.0</ymin>
            <xmax>563.0</xmax>
            <ymax>358.0</ymax>
        </bndbox>
    </object>    <object>
        <name>house</name>
        <pose>Unspecified</pose>
        <truncated>0</truncated>
        <difficult>0</difficult>
        <bndbox>
            <xmin>605.0</xmin>
            <ymin>280.0</ymin>
            <xmax>636.0</xmax>
            <ymax>339.0</ymax>
        </bndbox>
    </object>    <object>
        <name>house</name>
        <pose>Unspecified</pose>
        <truncated>0</truncated>
        <difficult>0</difficult>
        <bndbox>
            <xmin>237.0</xmin>
            <ymin>272.0</ymin>
            <xmax>344.0</xmax>
            <ymax>356.0</ymax>
        </bndbox>
    </object>
</annotation>
