<annotation>
    <folder>JPEGImages</folder>
    <filename>file_225_0_39.02844487543421_-94.57703850498771.jpg</filename>
    <path>C:\Users\Siri\PycharmProjects\Dataset_conversion\Dataset\VOC2007\JPEGImages\file_225_0_39.02844487543421_-94.57703850498771.jpg</path>
    <source>
        <database>Unknown</database>
    </source>
    <size>
        <width>640</width>
        <height>640</height>
        <depth>3</depth>
    </size>
    <segmented>0</segmented>
    <object>
        <name>house</name>
        <pose>Unspecified</pose>
        <truncated>0</truncated>
        <difficult>0</difficult>
        <bndbox>
            <xmin>471.0</xmin>
            <ymin>202.0</ymin>
            <xmax>637.0</xmax>
            <ymax>385.0</ymax>
        </bndbox>
    </object>    <object>
        <name>house</name>
        <pose>Unspecified</pose>
        <truncated>0</truncated>
        <difficult>0</difficult>
        <bndbox>
            <xmin>274.0</xmin>
            <ymin>240.0</ymin>
            <xmax>455.0</xmax>
            <ymax>378.0</ymax>
        </bndbox>
    </object>    <object>
        <name>house</name>
        <pose>Unspecified</pose>
        <truncated>0</truncated>
        <difficult>0</difficult>
        <bndbox>
            <xmin>187.0</xmin>
            <ymin>270.0</ymin>
            <xmax>262.0</xmax>
            <ymax>358.0</ymax>
        </bndbox>
    </object>    <object>
        <name>house</name>
        <pose>Unspecified</pose>
        <truncated>0</truncated>
        <difficult>0</difficult>
        <bndbox>
            <xmin>108.0</xmin>
            <ymin>284.0</ymin>
            <xmax>175.0</xmax>
            <ymax>340.0</ymax>
        </bndbox>
    </object>
</annotation>
