<annotation>
    <folder>JPEGImages</folder>
    <filename>file_225_0_39.03090330166852_-94.57686436902124.jpg</filename>
    <path>C:\Users\Siri\PycharmProjects\Dataset_conversion\Dataset\VOC2007\JPEGImages\file_225_0_39.03090330166852_-94.57686436902124.jpg</path>
    <source>
        <database>Unknown</database>
    </source>
    <size>
        <width>640</width>
        <height>640</height>
        <depth>3</depth>
    </size>
    <segmented>0</segmented>
    <object>
        <name>house</name>
        <pose>Unspecified</pose>
        <truncated>0</truncated>
        <difficult>0</difficult>
        <bndbox>
            <xmin>427.0</xmin>
            <ymin>235.0</ymin>
            <xmax>556.0</xmax>
            <ymax>326.0</ymax>
        </bndbox>
    </object>    <object>
        <name>house</name>
        <pose>Unspecified</pose>
        <truncated>0</truncated>
        <difficult>0</difficult>
        <bndbox>
            <xmin>349.0</xmin>
            <ymin>271.0</ymin>
            <xmax>415.0</xmax>
            <ymax>316.0</ymax>
        </bndbox>
    </object>    <object>
        <name>house</name>
        <pose>Unspecified</pose>
        <truncated>0</truncated>
        <difficult>0</difficult>
        <bndbox>
            <xmin>200.0</xmin>
            <ymin>258.0</ymin>
            <xmax>241.0</xmax>
            <ymax>306.0</ymax>
        </bndbox>
    </object>    <object>
        <name>house</name>
        <pose>Unspecified</pose>
        <truncated>0</truncated>
        <difficult>0</difficult>
        <bndbox>
            <xmin>275.0</xmin>
            <ymin>270.0</ymin>
            <xmax>336.0</xmax>
            <ymax>306.0</ymax>
        </bndbox>
    </object>    <object>
        <name>house</name>
        <pose>Unspecified</pose>
        <truncated>0</truncated>
        <difficult>0</difficult>
        <bndbox>
            <xmin>1.0</xmin>
            <ymin>168.0</ymin>
            <xmax>60.0</xmax>
            <ymax>323.0</ymax>
        </bndbox>
    </object>
</annotation>
