<annotation>
    <folder>JPEGImages</folder>
    <filename>file_225_0_39.03091998253876_-94.57790418280801.jpg</filename>
    <path>C:\Users\Siri\PycharmProjects\Dataset_conversion\Dataset\VOC2007\JPEGImages\file_225_0_39.03091998253876_-94.57790418280801.jpg</path>
    <source>
        <database>Unknown</database>
    </source>
    <size>
        <width>640</width>
        <height>640</height>
        <depth>3</depth>
    </size>
    <segmented>0</segmented>
    <object>
        <name>house</name>
        <pose>Unspecified</pose>
        <truncated>0</truncated>
        <difficult>0</difficult>
        <bndbox>
            <xmin>0.0</xmin>
            <ymin>107.0</ymin>
            <xmax>270.0</xmax>
            <ymax>352.0</ymax>
        </bndbox>
    </object>    <object>
        <name>house</name>
        <pose>Unspecified</pose>
        <truncated>0</truncated>
        <difficult>0</difficult>
        <bndbox>
            <xmin>379.0</xmin>
            <ymin>274.0</ymin>
            <xmax>458.0</xmax>
            <ymax>317.0</ymax>
        </bndbox>
    </object>
</annotation>
