<annotation>
    <folder>JPEGImages</folder>
    <filename>file_270_0_39.02876345763596_-94.57702107920345.jpg</filename>
    <path>C:\Users\Siri\PycharmProjects\Dataset_conversion\Dataset\VOC2007\JPEGImages\file_270_0_39.02876345763596_-94.57702107920345.jpg</path>
    <source>
        <database>Unknown</database>
    </source>
    <size>
        <width>640</width>
        <height>640</height>
        <depth>3</depth>
    </size>
    <segmented>0</segmented>
    <object>
        <name>house</name>
        <pose>Unspecified</pose>
        <truncated>0</truncated>
        <difficult>0</difficult>
        <bndbox>
            <xmin>4.0</xmin>
            <ymin>241.0</ymin>
            <xmax>154.0</xmax>
            <ymax>367.0</ymax>
        </bndbox>
    </object>    <object>
        <name>house</name>
        <pose>Unspecified</pose>
        <truncated>0</truncated>
        <difficult>0</difficult>
        <bndbox>
            <xmin>159.0</xmin>
            <ymin>278.0</ymin>
            <xmax>223.0</xmax>
            <ymax>359.0</ymax>
        </bndbox>
    </object>    <object>
        <name>house</name>
        <pose>Unspecified</pose>
        <truncated>0</truncated>
        <difficult>0</difficult>
        <bndbox>
            <xmin>308.0</xmin>
            <ymin>246.0</ymin>
            <xmax>391.0</xmax>
            <ymax>343.0</ymax>
        </bndbox>
    </object>    <object>
        <name>house</name>
        <pose>Unspecified</pose>
        <truncated>0</truncated>
        <difficult>0</difficult>
        <bndbox>
            <xmin>448.0</xmin>
            <ymin>234.0</ymin>
            <xmax>639.0</xmax>
            <ymax>346.0</ymax>
        </bndbox>
    </object>
</annotation>
