<annotation>
    <folder>JPEGImages</folder>
    <filename>file_135_0_39.030905747730905_-94.57700465919773.jpg</filename>
    <path>C:\Users\Siri\PycharmProjects\Dataset_conversion\Dataset\VOC2007\JPEGImages\file_135_0_39.030905747730905_-94.57700465919773.jpg</path>
    <source>
        <database>Unknown</database>
    </source>
    <size>
        <width>640</width>
        <height>640</height>
        <depth>3</depth>
    </size>
    <segmented>0</segmented>
    <object>
        <name>house</name>
        <pose>Unspecified</pose>
        <truncated>0</truncated>
        <difficult>0</difficult>
        <bndbox>
            <xmin>87.0</xmin>
            <ymin>250.0</ymin>
            <xmax>166.0</xmax>
            <ymax>304.0</ymax>
        </bndbox>
    </object>    <object>
        <name>house</name>
        <pose>Unspecified</pose>
        <truncated>0</truncated>
        <difficult>0</difficult>
        <bndbox>
            <xmin>173.0</xmin>
            <ymin>162.0</ymin>
            <xmax>376.0</xmax>
            <ymax>323.0</ymax>
        </bndbox>
    </object>    <object>
        <name>house</name>
        <pose>Unspecified</pose>
        <truncated>0</truncated>
        <difficult>0</difficult>
        <bndbox>
            <xmin>539.0</xmin>
            <ymin>281.0</ymin>
            <xmax>592.0</xmax>
            <ymax>312.0</ymax>
        </bndbox>
    </object>    <object>
        <name>house</name>
        <pose>Unspecified</pose>
        <truncated>0</truncated>
        <difficult>0</difficult>
        <bndbox>
            <xmin>384.0</xmin>
            <ymin>227.0</ymin>
            <xmax>512.0</xmax>
            <ymax>284.0</ymax>
        </bndbox>
    </object>
</annotation>
