<annotation>
    <folder>JPEGImages</folder>
    <filename>file_225_0_39.02822262642173_-94.57705605087175.jpg</filename>
    <path>C:\Users\Siri\PycharmProjects\Dataset_conversion\Dataset\VOC2007\JPEGImages\file_225_0_39.02822262642173_-94.57705605087175.jpg</path>
    <source>
        <database>Unknown</database>
    </source>
    <size>
        <width>640</width>
        <height>640</height>
        <depth>3</depth>
    </size>
    <segmented>0</segmented>
    <object>
        <name>house</name>
        <pose>Unspecified</pose>
        <truncated>0</truncated>
        <difficult>0</difficult>
        <bndbox>
            <xmin>598.0</xmin>
            <ymin>231.0</ymin>
            <xmax>639.0</xmax>
            <ymax>376.0</ymax>
        </bndbox>
    </object>    <object>
        <name>house</name>
        <pose>Unspecified</pose>
        <truncated>0</truncated>
        <difficult>0</difficult>
        <bndbox>
            <xmin>330.0</xmin>
            <ymin>243.0</ymin>
            <xmax>565.0</xmax>
            <ymax>383.0</ymax>
        </bndbox>
    </object>    <object>
        <name>house</name>
        <pose>Unspecified</pose>
        <truncated>0</truncated>
        <difficult>0</difficult>
        <bndbox>
            <xmin>228.0</xmin>
            <ymin>267.0</ymin>
            <xmax>319.0</xmax>
            <ymax>359.0</ymax>
        </bndbox>
    </object>    <object>
        <name>house</name>
        <pose>Unspecified</pose>
        <truncated>0</truncated>
        <difficult>0</difficult>
        <bndbox>
            <xmin>126.0</xmin>
            <ymin>277.0</ymin>
            <xmax>219.0</xmax>
            <ymax>352.0</ymax>
        </bndbox>
    </object>    <object>
        <name>house</name>
        <pose>Unspecified</pose>
        <truncated>0</truncated>
        <difficult>0</difficult>
        <bndbox>
            <xmin>77.0</xmin>
            <ymin>294.0</ymin>
            <xmax>114.0</xmax>
            <ymax>342.0</ymax>
        </bndbox>
    </object>
</annotation>
