<annotation>
    <folder>JPEGImages</folder>
    <filename>file_180_0_39.03091612034399_-94.5776365518092.jpg</filename>
    <path>C:\Users\Siri\PycharmProjects\Dataset_conversion\Dataset\VOC2007\JPEGImages\file_180_0_39.03091612034399_-94.5776365518092.jpg</path>
    <source>
        <database>Unknown</database>
    </source>
    <size>
        <width>640</width>
        <height>640</height>
        <depth>3</depth>
    </size>
    <segmented>0</segmented>
    <object>
        <name>house</name>
        <pose>Unspecified</pose>
        <truncated>0</truncated>
        <difficult>0</difficult>
        <bndbox>
            <xmin>73.0</xmin>
            <ymin>200.0</ymin>
            <xmax>209.0</xmax>
            <ymax>312.0</ymax>
        </bndbox>
    </object>    <object>
        <name>house</name>
        <pose>Unspecified</pose>
        <truncated>0</truncated>
        <difficult>0</difficult>
        <bndbox>
            <xmin>546.0</xmin>
            <ymin>183.0</ymin>
            <xmax>639.0</xmax>
            <ymax>339.0</ymax>
        </bndbox>
    </object>    <object>
        <name>house</name>
        <pose>Unspecified</pose>
        <truncated>0</truncated>
        <difficult>0</difficult>
        <bndbox>
            <xmin>460.0</xmin>
            <ymin>224.0</ymin>
            <xmax>538.0</xmax>
            <ymax>323.0</ymax>
        </bndbox>
    </object>
</annotation>
