<annotation>
    <folder>JPEGImages</folder>
    <filename>file_225_0_39.02796618525348_-94.57707629612256.jpg</filename>
    <path>C:\Users\Siri\PycharmProjects\Dataset_conversion\Dataset\VOC2007\JPEGImages\file_225_0_39.02796618525348_-94.57707629612256.jpg</path>
    <source>
        <database>Unknown</database>
    </source>
    <size>
        <width>640</width>
        <height>640</height>
        <depth>3</depth>
    </size>
    <segmented>0</segmented>
    <object>
        <name>house</name>
        <pose>Unspecified</pose>
        <truncated>0</truncated>
        <difficult>0</difficult>
        <bndbox>
            <xmin>474.0</xmin>
            <ymin>235.0</ymin>
            <xmax>638.0</xmax>
            <ymax>396.0</ymax>
        </bndbox>
    </object>    <object>
        <name>house</name>
        <pose>Unspecified</pose>
        <truncated>0</truncated>
        <difficult>0</difficult>
        <bndbox>
            <xmin>321.0</xmin>
            <ymin>271.0</ymin>
            <xmax>464.0</xmax>
            <ymax>382.0</ymax>
        </bndbox>
    </object>    <object>
        <name>house</name>
        <pose>Unspecified</pose>
        <truncated>0</truncated>
        <difficult>0</difficult>
        <bndbox>
            <xmin>227.0</xmin>
            <ymin>291.0</ymin>
            <xmax>312.0</xmax>
            <ymax>357.0</ymax>
        </bndbox>
    </object>    <object>
        <name>house</name>
        <pose>Unspecified</pose>
        <truncated>0</truncated>
        <difficult>0</difficult>
        <bndbox>
            <xmin>179.0</xmin>
            <ymin>297.0</ymin>
            <xmax>217.0</xmax>
            <ymax>352.0</ymax>
        </bndbox>
    </object>    <object>
        <name>house</name>
        <pose>Unspecified</pose>
        <truncated>0</truncated>
        <difficult>0</difficult>
        <bndbox>
            <xmin>144.0</xmin>
            <ymin>300.0</ymin>
            <xmax>170.0</xmax>
            <ymax>347.0</ymax>
        </bndbox>
    </object>    <object>
        <name>house</name>
        <pose>Unspecified</pose>
        <truncated>0</truncated>
        <difficult>0</difficult>
        <bndbox>
            <xmin>3.0</xmin>
            <ymin>311.0</ymin>
            <xmax>26.0</xmax>
            <ymax>353.0</ymax>
        </bndbox>
    </object>
</annotation>
