<annotation>
    <folder>JPEGImages</folder>
    <filename>file_225_0_39.03074933294039_-94.57462174171262.jpg</filename>
    <path>C:\Users\Siri\PycharmProjects\Dataset_conversion\Dataset\VOC2007\JPEGImages\file_225_0_39.03074933294039_-94.57462174171262.jpg</path>
    <source>
        <database>Unknown</database>
    </source>
    <size>
        <width>640</width>
        <height>640</height>
        <depth>3</depth>
    </size>
    <segmented>0</segmented>
    <object>
        <name>house</name>
        <pose>Unspecified</pose>
        <truncated>0</truncated>
        <difficult>0</difficult>
        <bndbox>
            <xmin>578.0</xmin>
            <ymin>212.0</ymin>
            <xmax>640.0</xmax>
            <ymax>356.0</ymax>
        </bndbox>
    </object>    <object>
        <name>house</name>
        <pose>Unspecified</pose>
        <truncated>0</truncated>
        <difficult>0</difficult>
        <bndbox>
            <xmin>388.0</xmin>
            <ymin>228.0</ymin>
            <xmax>555.0</xmax>
            <ymax>345.0</ymax>
        </bndbox>
    </object>    <object>
        <name>house</name>
        <pose>Unspecified</pose>
        <truncated>0</truncated>
        <difficult>0</difficult>
        <bndbox>
            <xmin>318.0</xmin>
            <ymin>291.0</ymin>
            <xmax>375.0</xmax>
            <ymax>346.0</ymax>
        </bndbox>
    </object>    <object>
        <name>house</name>
        <pose>Unspecified</pose>
        <truncated>0</truncated>
        <difficult>0</difficult>
        <bndbox>
            <xmin>249.0</xmin>
            <ymin>287.0</ymin>
            <xmax>305.0</xmax>
            <ymax>346.0</ymax>
        </bndbox>
    </object>    <object>
        <name>house</name>
        <pose>Unspecified</pose>
        <truncated>0</truncated>
        <difficult>0</difficult>
        <bndbox>
            <xmin>170.0</xmin>
            <ymin>311.0</ymin>
            <xmax>214.0</xmax>
            <ymax>351.0</ymax>
        </bndbox>
    </object>
</annotation>
