<annotation>
    <folder>JPEGImages</folder>
    <filename>file_270_0_39.03086012922421_-94.5749539407761.jpg</filename>
    <path>C:\Users\Siri\PycharmProjects\Dataset_conversion\Dataset\VOC2007\JPEGImages\file_270_0_39.03086012922421_-94.5749539407761.jpg</path>
    <source>
        <database>Unknown</database>
    </source>
    <size>
        <width>640</width>
        <height>640</height>
        <depth>3</depth>
    </size>
    <segmented>0</segmented>
    <object>
        <name>house</name>
        <pose>Unspecified</pose>
        <truncated>0</truncated>
        <difficult>0</difficult>
        <bndbox>
            <xmin>4.0</xmin>
            <ymin>106.0</ymin>
            <xmax>146.0</xmax>
            <ymax>362.0</ymax>
        </bndbox>
    </object>    <object>
        <name>house</name>
        <pose>Unspecified</pose>
        <truncated>0</truncated>
        <difficult>0</difficult>
        <bndbox>
            <xmin>156.0</xmin>
            <ymin>282.0</ymin>
            <xmax>190.0</xmax>
            <ymax>360.0</ymax>
        </bndbox>
    </object>    <object>
        <name>house</name>
        <pose>Unspecified</pose>
        <truncated>0</truncated>
        <difficult>0</difficult>
        <bndbox>
            <xmin>194.0</xmin>
            <ymin>280.0</ymin>
            <xmax>288.0</xmax>
            <ymax>349.0</ymax>
        </bndbox>
    </object>    <object>
        <name>house</name>
        <pose>Unspecified</pose>
        <truncated>0</truncated>
        <difficult>0</difficult>
        <bndbox>
            <xmin>446.0</xmin>
            <ymin>250.0</ymin>
            <xmax>636.0</xmax>
            <ymax>343.0</ymax>
        </bndbox>
    </object>    <object>
        <name>house</name>
        <pose>Unspecified</pose>
        <truncated>0</truncated>
        <difficult>0</difficult>
        <bndbox>
            <xmin>299.0</xmin>
            <ymin>297.0</ymin>
            <xmax>316.0</xmax>
            <ymax>339.0</ymax>
        </bndbox>
    </object>
</annotation>
