<annotation>
    <folder>JPEGImages</folder>
    <filename>file_225_0_39.0309788981358_-94.57822660163572.jpg</filename>
    <path>C:\Users\Siri\PycharmProjects\Dataset_conversion\Dataset\VOC2007\JPEGImages\file_225_0_39.0309788981358_-94.57822660163572.jpg</path>
    <source>
        <database>Unknown</database>
    </source>
    <size>
        <width>640</width>
        <height>640</height>
        <depth>3</depth>
    </size>
    <segmented>0</segmented>
    <object>
        <name>house</name>
        <pose>Unspecified</pose>
        <truncated>0</truncated>
        <difficult>0</difficult>
        <bndbox>
            <xmin>285.0</xmin>
            <ymin>257.0</ymin>
            <xmax>413.0</xmax>
            <ymax>317.0</ymax>
        </bndbox>
    </object>    <object>
        <name>house</name>
        <pose>Unspecified</pose>
        <truncated>0</truncated>
        <difficult>0</difficult>
        <bndbox>
            <xmin>196.0</xmin>
            <ymin>285.0</ymin>
            <xmax>260.0</xmax>
            <ymax>319.0</ymax>
        </bndbox>
    </object>
</annotation>
