<annotation>
    <folder>JPEGImages</folder>
    <filename>file_180_0_39.02948896332058_-94.57477265227017.jpg</filename>
    <path>C:\Users\Siri\PycharmProjects\Dataset_conversion\Dataset\VOC2007\JPEGImages\file_180_0_39.02948896332058_-94.57477265227017.jpg</path>
    <source>
        <database>Unknown</database>
    </source>
    <size>
        <width>640</width>
        <height>640</height>
        <depth>3</depth>
    </size>
    <segmented>0</segmented>
    <object>
        <name>house</name>
        <pose>Unspecified</pose>
        <truncated>0</truncated>
        <difficult>0</difficult>
        <bndbox>
            <xmin>1.0</xmin>
            <ymin>243.0</ymin>
            <xmax>164.0</xmax>
            <ymax>342.0</ymax>
        </bndbox>
    </object>    <object>
        <name>house</name>
        <pose>Unspecified</pose>
        <truncated>0</truncated>
        <difficult>0</difficult>
        <bndbox>
            <xmin>170.0</xmin>
            <ymin>283.0</ymin>
            <xmax>258.0</xmax>
            <ymax>336.0</ymax>
        </bndbox>
    </object>    <object>
        <name>house</name>
        <pose>Unspecified</pose>
        <truncated>0</truncated>
        <difficult>0</difficult>
        <bndbox>
            <xmin>520.0</xmin>
            <ymin>234.0</ymin>
            <xmax>636.0</xmax>
            <ymax>329.0</ymax>
        </bndbox>
    </object>    <object>
        <name>house</name>
        <pose>Unspecified</pose>
        <truncated>0</truncated>
        <difficult>0</difficult>
        <bndbox>
            <xmin>436.0</xmin>
            <ymin>273.0</ymin>
            <xmax>512.0</xmax>
            <ymax>324.0</ymax>
        </bndbox>
    </object>    <object>
        <name>house</name>
        <pose>Unspecified</pose>
        <truncated>0</truncated>
        <difficult>0</difficult>
        <bndbox>
            <xmin>269.0</xmin>
            <ymin>291.0</ymin>
            <xmax>312.0</xmax>
            <ymax>324.0</ymax>
        </bndbox>
    </object>
</annotation>
