<annotation>
    <folder>JPEGImages</folder>
    <filename>file_270_0_39.03089692226255_-94.57642647823691.jpg</filename>
    <path>C:\Users\Siri\PycharmProjects\Dataset_conversion\Dataset\VOC2007\JPEGImages\file_270_0_39.03089692226255_-94.57642647823691.jpg</path>
    <source>
        <database>Unknown</database>
    </source>
    <size>
        <width>640</width>
        <height>640</height>
        <depth>3</depth>
    </size>
    <segmented>0</segmented>
    <object>
        <name>house</name>
        <pose>Unspecified</pose>
        <truncated>0</truncated>
        <difficult>0</difficult>
        <bndbox>
            <xmin>2.0</xmin>
            <ymin>227.0</ymin>
            <xmax>63.0</xmax>
            <ymax>343.0</ymax>
        </bndbox>
    </object>    <object>
        <name>house</name>
        <pose>Unspecified</pose>
        <truncated>0</truncated>
        <difficult>0</difficult>
        <bndbox>
            <xmin>71.0</xmin>
            <ymin>223.0</ymin>
            <xmax>267.0</xmax>
            <ymax>348.0</ymax>
        </bndbox>
    </object>    <object>
        <name>house</name>
        <pose>Unspecified</pose>
        <truncated>0</truncated>
        <difficult>0</difficult>
        <bndbox>
            <xmin>279.0</xmin>
            <ymin>292.0</ymin>
            <xmax>301.0</xmax>
            <ymax>340.0</ymax>
        </bndbox>
    </object>    <object>
        <name>house</name>
        <pose>Unspecified</pose>
        <truncated>0</truncated>
        <difficult>0</difficult>
        <bndbox>
            <xmin>541.0</xmin>
            <ymin>290.0</ymin>
            <xmax>636.0</xmax>
            <ymax>344.0</ymax>
        </bndbox>
    </object>    <object>
        <name>house</name>
        <pose>Unspecified</pose>
        <truncated>0</truncated>
        <difficult>0</difficult>
        <bndbox>
            <xmin>400.0</xmin>
            <ymin>306.0</ymin>
            <xmax>457.0</xmax>
            <ymax>335.0</ymax>
        </bndbox>
    </object>
</annotation>
